Candidato;N;Partido;Coligacao;Votos;% Validos;status
JORGE TADEU;2500;DEM;PPS / DEM / PSDB;164.65;0,77%;eleito
SAMPAIO;2501;DEM;PPS / DEM / PSDB;3.084;0,01%;eliminado
RENATO GALENDI;2505;DEM;PPS / DEM / PSDB;3.424;0,02%;eliminado
JORGINHO MALULY;2511;DEM;PPS / DEM / PSDB;74.452;0,35%;eliminado
ALEXANDRE LEITE;2513;DEM;PPS / DEM / PSDB;112.95;0,53%;eleito
PROFESSOR BENJAMIN;2515;DEM;PPS / DEM / PSDB;85.945;0,40%;eliminado
KIKO DO KLB;2520;DEM;PPS / DEM / PSDB;38.07;0,18%;eliminado
CRESPO;2522;DEM;PPS / DEM / PSDB;28.907;0,14%;eliminado
RODRIGO GARCIA;2525;DEM;PPS / DEM / PSDB;226.073;1,06%;eleito
MARCELO PALINKAS;2526;DEM;PPS / DEM / PSDB;11.954;0,06%;eliminado
ZULAI“ COBRA;2529;DEM;PPS / DEM / PSDB;46.494;0,22%;eliminado
LUCIANO ARTIOLI;2530;DEM;PPS / DEM / PSDB;13.648;0,06%;eliminado
RAUL GIL JR;2536;DEM;PPS / DEM / PSDB;17.419;0,08%;eliminado
CHICO PELUCIO;2540;DEM;PPS / DEM / PSDB;10.249;0,05%;eliminado
JUNJI ABE;2545;DEM;PPS / DEM / PSDB;113.156;0,53%;eleito
SALIM REIS;2550;DEM;PPS / DEM / PSDB;11.694;0,05%;eliminado
ODECIO BRAGA;2551;DEM;PPS / DEM / PSDB;1.514;0,01%;eliminado
MANDIC;2555;DEM;PPS / DEM / PSDB;10.981;0,05%;eliminado
HIRAM JR;2560;DEM;PPS / DEM / PSDB;13.55;0,06%;eliminado
CASCIONE;2569;DEM;PPS / DEM / PSDB;45.276;0,21%;eliminado
HELIO SECCO;2570;DEM;PPS / DEM / PSDB;2.098;0,01%;eliminado
ELI CORREA FILHO;2577;DEM;PPS / DEM / PSDB;124.608;0,58%;eleito
AIRTON GARCIA;2580;DEM;PPS / DEM / PSDB;0;0,00%;eliminado
ANTONIO BRAZ;2585;DEM;PPS / DEM / PSDB;0;0,00%;eliminado
DR ELEUSES PAIVA;2588;DEM;PPS / DEM / PSDB;107.464;0,50%;eliminado
GUILHERME CAMPOS;2590;DEM;PPS / DEM / PSDB;112.852;0,53%;eleito
WALTER IHOSHI;2599;DEM;PPS / DEM / PSDB;104.4;0,49%;eliminado
CAIO;2301;PPS;PPS / DEM / PSDB;212;0,00%;eliminado
ZE ALVES;2305;PPS;PPS / DEM / PSDB;127;0,00%;eliminado
EDGAR EDUCACAO;2310;PPS;PPS / DEM / PSDB;1.71;0,01%;eliminado
SONRISAL;2311;PPS;PPS / DEM / PSDB;2.392;0,01%;eliminado
LINDOMAR DE OLIVEIRA;2313;PPS;PPS / DEM / PSDB;567;0,00%;eliminado
ZAQUEU CERQUEIRA;2317;PPS;PPS / DEM / PSDB;165;0,00%;eliminado
WILLIAM WOO;2321;PPS;PPS / DEM / PSDB;83.588;0,39%;eliminado
VALDEMAR ANFRISIO;2322;PPS;PPS / DEM / PSDB;2.254;0,01%;eliminado
ROBERTO FREIRE;2323;PPS;PPS / DEM / PSDB;121.471;0,57%;eleito
CORONEL EDSON SARDANO;2324;PPS;PPS / DEM / PSDB;11.158;0,05%;eliminado
DIMAS RAMALHO;2325;PPS;PPS / DEM / PSDB;139.636;0,66%;eleito
DIRCE;2327;PPS;PPS / DEM / PSDB;107;0,00%;eliminado
MARCOS DA FOTO;2331;PPS;PPS / DEM / PSDB;5.456;0,03%;eliminado
ARI FRIEDENBACH;2332;PPS;PPS / DEM / PSDB;85.281;0,40%;eliminado
JOSE ONERIO;2333;PPS;PPS / DEM / PSDB;79.746;0,37%;eliminado
PAULINHO LARISSA SPOSITO;2342;PPS;PPS / DEM / PSDB;6.522;0,03%;eliminado
ARNALDO JARDIM;2345;PPS;PPS / DEM / PSDB;140.641;0,66%;eleito
PROF POLLYANA GAMA;2351;PPS;PPS / DEM / PSDB;11.753;0,06%;eliminado
ANTENOR TOKO;2355;PPS;PPS / DEM / PSDB;1.154;0,01%;eliminado
DR PACHECO;2366;PPS;PPS / DEM / PSDB;8.242;0,04%;eliminado
DOUTOR LIMA;2377;PPS;PPS / DEM / PSDB;2.823;0,01%;eliminado
SILVIO NUNES FONSECA;2383;PPS;PPS / DEM / PSDB;412;0,00%;eliminado
JUANA ALVES;2393;PPS;PPS / DEM / PSDB;95;0,00%;eliminado
PROFESSOR VALDIR VERISSIMO;2399;PPS;PPS / DEM / PSDB;696;0,00%;eliminado
CARLOS SAMPAIO;4500;PSDB;PPS / DEM / PSDB;145.585;0,68%;eleito
POPPI;4501;PSDB;PPS / DEM / PSDB;2.921;0,01%;eliminado
WALTER MELLO;4502;PSDB;PPS / DEM / PSDB;606;0,00%;eliminado
JOSE LUIZ;4507;PSDB;PPS / DEM / PSDB;1.051;0,00%;eliminado
STANGARLINI;4510;PSDB;PPS / DEM / PSDB;24.621;0,12%;eliminado
RAUL CHRISTIANO;4511;PSDB;PPS / DEM / PSDB;31.468;0,15%;eliminado
LOBBE NETO;4512;PSDB;PPS / DEM / PSDB;93.243;0,44%;eliminado
FELICIDADE;4513;PSDB;PPS / DEM / PSDB;4.292;0,02%;eliminado
MANOEL MARCOS (MANê);4514;PSDB;PPS / DEM / PSDB;14.06;0,07%;eliminado
EMANUEL FERNANDES;4515;PSDB;PPS / DEM / PSDB;218.789;1,03%;eleito
MARA GABRILLI;4517;PSDB;PPS / DEM / PSDB;160.138;0,75%;eleito
JO«O PAULO FERRARESSO;4518;PSDB;PPS / DEM / PSDB;2.245;0,01%;eliminado
MARCOS ARAUJO;4519;PSDB;PPS / DEM / PSDB;2.791;0,01%;eliminado
CARLOS BRAGA;4520;PSDB;PPS / DEM / PSDB;33.231;0,16%;eliminado
LELIS DA ROCHA;4522;PSDB;PPS / DEM / PSDB;5.295;0,02%;eliminado
CARLOS ROBERTO;4523;PSDB;PPS / DEM / PSDB;103.373;0,48%;eliminado
DIB;4525;PSDB;PPS / DEM / PSDB;113.823;0,53%;eleito
PANNUNZIO;4526;PSDB;PPS / DEM / PSDB;96.897;0,45%;eliminado
LUCIA SANTUCCI;4528;PSDB;PPS / DEM / PSDB;705;0,00%;eliminado
ALBERTO MOURAO;4530;PSDB;PPS / DEM / PSDB;104.433;0,49%;eliminado
RENATO AMARY;4533;PSDB;PPS / DEM / PSDB;95.089;0,45%;eliminado
DR ANDRE SACCO;4535;PSDB;PPS / DEM / PSDB;16.634;0,08%;eliminado
SILVIO TORRES;4540;PSDB;PPS / DEM / PSDB;107.035;0,50%;eliminado
TIRSO MEIRELLES;4541;PSDB;PPS / DEM / PSDB;23.524;0,11%;eliminado
TERESA SERRANO;4543;PSDB;PPS / DEM / PSDB;1.518;0,01%;eliminado
EDSON APARECIDO;4545;PSDB;PPS / DEM / PSDB;184.403;0,87%;eleito
RICARDO MONTORO;4546;PSDB;PPS / DEM / PSDB;74.213;0,35%;eliminado
LUIZ FERNANDO MACHADO;4547;PSDB;PPS / DEM / PSDB;129.62;0,61%;eleito
DR. MARCELO;4550;PSDB;PPS / DEM / PSDB;12.137;0,06%;eliminado
VANDERLEI MACRIS;4551;PSDB;PPS / DEM / PSDB;111.531;0,52%;eliminado
DUARTE NOGUEIRA;4554;PSDB;PPS / DEM / PSDB;124.737;0,59%;eleito
JULIO SEMEGHINI;4555;PSDB;PPS / DEM / PSDB;113.333;0,53%;eleito
RAFAEL ABUD;4556;PSDB;PPS / DEM / PSDB;2.36;0,01%;eliminado
GIVALDO VIEIRA;4563;PSDB;PPS / DEM / PSDB;4.86;0,02%;eliminado
TRIPOLI;4565;PSDB;PPS / DEM / PSDB;134.884;0,63%;eleito
FERNANDO FUAD CHUCRE;4566;PSDB;PPS / DEM / PSDB;28.485;0,13%;eliminado
VAZ DE LIMA;4567;PSDB;PPS / DEM / PSDB;170.777;0,80%;eleito
ALEM«O DA SµUDE;4568;PSDB;PPS / DEM / PSDB;4.686;0,02%;eliminado
TI«O;4569;PSDB;PPS / DEM / PSDB;2.162;0,01%;eliminado
WALTER FELDMAN;4570;PSDB;PPS / DEM / PSDB;105.085;0,49%;eliminado
THAME;4577;PSDB;PPS / DEM / PSDB;139.727;0,66%;eleito
ARNALDO MADEIRA;4580;PSDB;PPS / DEM / PSDB;71.777;0,34%;eliminado
BRUNA FURLAN;4585;PSDB;PPS / DEM / PSDB;270.661;1,27%;eleito
JOSê ANIBAL;4586;PSDB;PPS / DEM / PSDB;170.957;0,80%;eleito
NELSON BUGALHO;4588;PSDB;PPS / DEM / PSDB;35.581;0,17%;eliminado
GILBERTO BORJA;4589;PSDB;PPS / DEM / PSDB;13.895;0,07%;eliminado
PROFESSOR CLOVIS PINTO;4590;PSDB;PPS / DEM / PSDB;6.159;0,03%;eliminado
SIRINEU BARBOSA;4599;PSDB;PPS / DEM / PSDB;6.96;0,03%;eliminado
DR. ABELHA;6500;PC DO B;PRB / PT / PR / PC do B / PT do B;7.345;0,03%;eliminado
GUSTAVO PETTA;6510;PC DO B;PRB / PT / PR / PC do B / PT do B;60.156;0,28%;eliminado
SIDNEI MARTINS;6511;PC DO B;PRB / PT / PR / PC do B / PT do B;4.57;0,02%;eliminado
JUNIOR APRILLANTI;6512;PC DO B;PRB / PT / PR / PC do B / PT do B;27.359;0,13%;eliminado
CêLIO TURINO;6513;PC DO B;PRB / PT / PR / PC do B / PT do B;10.736;0,05%;eliminado
DR. PAULO POLO;6522;PC DO B;PRB / PT / PR / PC do B / PT do B;2.673;0,01%;eliminado
BEZ«O;6533;PC DO B;PRB / PT / PR / PC do B / PT do B;2.009;0,01%;eliminado
BENEH SANTOS;6535;PC DO B;PRB / PT / PR / PC do B / PT do B;1.646;0,01%;eliminado
PADRE PEDRO;6555;PC DO B;PRB / PT / PR / PC do B / PT do B;1.311;0,01%;eliminado
ALDO REBELO;6565;PC DO B;PRB / PT / PR / PC do B / PT do B;132.109;0,62%;eleito
DELEGADO PROT‡GENES;6588;PC DO B;PRB / PT / PR / PC do B / PT do B;94.906;0,45%;eleito
JUCA CHAVES;2200;PR;PRB / PT / PR / PC do B / PT do B;13.217;0,06%;eliminado
AGNALDO TIMOTEO;2212;PR;PRB / PT / PR / PC do B / PT do B;25.174;0,12%;eliminado
TIRIRICA;2222;PR;PRB / PT / PR / PC do B / PT do B;1.353.820;6,35%;eleito
PR PAULO FREIRE;2233;PR;PRB / PT / PR / PC do B / PT do B;161.083;0,76%;eleito
LUCIANA COSTA;2250;PR;PRB / PT / PR / PC do B / PT do B;36.873;0,17%;eliminado
MILTON MONTI;2255;PR;PRB / PT / PR / PC do B / PT do B;131.654;0,62%;eleito
VALDEMAR COSTA NETO;2299;PR;PRB / PT / PR / PC do B / PT do B;174.826;0,82%;eleito
DR. ELIEZER COSTA;1000;PRB;PRB / PT / PR / PC do B / PT do B;2.314;0,01%;eliminado
CêSAR CRUZ GARCIA;1001;PRB;PRB / PT / PR / PC do B / PT do B;767;0,00%;eliminado
ANTONIO BULHÂES;1010;PRB;PRB / PT / PR / PC do B / PT do B;162.667;0,76%;eleito
JOSê TEOFILO;1011;PRB;PRB / PT / PR / PC do B / PT do B;788;0,00%;eliminado
ALESSANDER VIGNA;1012;PRB;PRB / PT / PR / PC do B / PT do B;3.498;0,02%;eliminado
ELCIO AMANCIO;1013;PRB;PRB / PT / PR / PC do B / PT do B;2.147;0,01%;eliminado
OTONIEL LIMA;1023;PRB;PRB / PT / PR / PC do B / PT do B;95.971;0,45%;eleito
ROSANA STAR;1024;PRB;PRB / PT / PR / PC do B / PT do B;934;0,00%;eliminado
RATINHO;1030;PRB;PRB / PT / PR / PC do B / PT do B;572;0,00%;eliminado
LUIZ SOARES;1040;PRB;PRB / PT / PR / PC do B / PT do B;1.621;0,01%;eliminado
LUCAS ANTUNES;1044;PRB;PRB / PT / PR / PC do B / PT do B;1.243;0,01%;eliminado
ERO;1045;PRB;PRB / PT / PR / PC do B / PT do B;584;0,00%;eliminado
PROF. WATASE;1055;PRB;PRB / PT / PR / PC do B / PT do B;315;0,00%;eliminado
PROF. CHARLES;1091;PRB;PRB / PT / PR / PC do B / PT do B;899;0,00%;eliminado
IVANIO BATISTA;1300;PT;PRB / PT / PR / PC do B / PT do B;8.02;0,04%;eliminado
VICENTE CANDIDO;1301;PT;PRB / PT / PR / PC do B / PT do B;160.242;0,75%;eleito
PROFESSOR JAIR BALESTRA;1302;PT;PRB / PT / PR / PC do B / PT do B;5.828;0,03%;eliminado
MARQUINHOS OL÷VIO;1303;PT;PRB / PT / PR / PC do B / PT do B;0;0,00%;eliminado
TOM;1305;PT;PRB / PT / PR / PC do B / PT do B;720;0,00%;eliminado
TUNAI;1307;PT;PRB / PT / PR / PC do B / PT do B;799;0,00%;eliminado
GERALDINHO O ILUMINADO;1309;PT;PRB / PT / PR / PC do B / PT do B;386;0,00%;eliminado
IARA BERNARDI;1310;PT;PRB / PT / PR / PC do B / PT do B;73.517;0,34%;eliminado
LARGUESA;1311;PT;PRB / PT / PR / PC do B / PT do B;29.168;0,14%;eliminado
VACCAREZZA;1312;PT;PRB / PT / PR / PC do B / PT do B;131.685;0,62%;eleito
GENOINO;1313;PT;PRB / PT / PR / PC do B / PT do B;92.362;0,43%;eliminado
OSMAR LOPES;1314;PT;PRB / PT / PR / PC do B / PT do B;12.292;0,06%;eliminado
HELCIO SILVA;1315;PT;PRB / PT / PR / PC do B / PT do B;64.938;0,30%;eliminado
CARLINHOS ALMEIDA;1316;PT;PRB / PT / PR / PC do B / PT do B;134.19;0,63%;eleito
MISA BOITO;1317;PT;PRB / PT / PR / PC do B / PT do B;2.808;0,01%;eliminado
NEWTON LIMA NETO;1318;PT;PRB / PT / PR / PC do B / PT do B;110.207;0,52%;eleito
TEREZINHA RONDELLI;1319;PT;PRB / PT / PR / PC do B / PT do B;4.695;0,02%;eliminado
GERSON SARTORI;1320;PT;PRB / PT / PR / PC do B / PT do B;32.847;0,15%;eliminado
FILIPPI;1321;PT;PRB / PT / PR / PC do B / PT do B;149.525;0,70%;eleito
ARLINDO CHINAGLIA;1322;PT;PRB / PT / PR / PC do B / PT do B;207.465;0,97%;eleito
JO«O PAULO CUNHA;1325;PT;PRB / PT / PR / PC do B / PT do B;255.497;1,20%;eleito
FATIMINHA;1326;PT;PRB / PT / PR / PC do B / PT do B;0;0,00%;eliminado
ROQUE FERREIRA;1328;PT;PRB / PT / PR / PC do B / PT do B;16.749;0,08%;eliminado
JO«O BATISTA;1329;PT;PRB / PT / PR / PC do B / PT do B;1.875;0,01%;eliminado
PIVATTO;1330;PT;PRB / PT / PR / PC do B / PT do B;34.359;0,16%;eliminado
RICARDO BERZOINI;1331;PT;PRB / PT / PR / PC do B / PT do B;140.525;0,66%;eleito
JOSê MENTOR;1332;PT;PRB / PT / PR / PC do B / PT do B;139.691;0,66%;eleito
PROF. CARL«O RAMIRO;1333;PT;PRB / PT / PR / PC do B / PT do B;36.899;0,17%;eliminado
FêLIX SAH«O;1334;PT;PRB / PT / PR / PC do B / PT do B;0;0,00%;eliminado
ROGêRIO PINTO;1335;PT;PRB / PT / PR / PC do B / PT do B;3.994;0,02%;eliminado
TENENTE PAZ;1340;PT;PRB / PT / PR / PC do B / PT do B;3.235;0,02%;eliminado
RODRIGO VALVERDE;1344;PT;PRB / PT / PR / PC do B / PT do B;5.429;0,03%;eliminado
VANDERLEI SIRAQUE;1345;PT;PRB / PT / PR / PC do B / PT do B;93.314;0,44%;eleito
PAULO AFONSO;1347;PT;PRB / PT / PR / PC do B / PT do B;9.64;0,05%;eliminado
ELIANA MORAES;1348;PT;PRB / PT / PR / PC do B / PT do B;1.2;0,01%;eliminado
REINALDO;1349;PT;PRB / PT / PR / PC do B / PT do B;710;0,00%;eliminado
LUIZ CARLOS GOMES;1350;PT;PRB / PT / PR / PC do B / PT do B;4.28;0,02%;eliminado
DRA. SONIA DARCH;1351;PT;PRB / PT / PR / PC do B / PT do B;4.553;0,02%;eliminado
JILMAR TATTO;1353;PT;PRB / PT / PR / PC do B / PT do B;250.467;1,17%;eleito
DURVAL ORLATO;1355;PT;PRB / PT / PR / PC do B / PT do B;31.114;0,15%;eliminado
EDSON DA PAZ (O CANTOR);1356;PT;PRB / PT / PR / PC do B / PT do B;2.268;0,01%;eliminado
JANIO RIBEIRO;1358;PT;PRB / PT / PR / PC do B / PT do B;10.089;0,05%;eliminado
PROFESSOR CESAR NUNES;1359;PT;PRB / PT / PR / PC do B / PT do B;0;0,00%;eliminado
RUBINHO BASTOS;1360;PT;PRB / PT / PR / PC do B / PT do B;13.149;0,06%;eliminado
ARCELINO ARAUJO;1361;PT;PRB / PT / PR / PC do B / PT do B;3.502;0,02%;eliminado
REGINALDO PERNAMBUCANO;1362;PT;PRB / PT / PR / PC do B / PT do B;1.942;0,01%;eliminado
LULA;1363;PT;PRB / PT / PR / PC do B / PT do B;0;0,00%;eliminado
CARLOS AQUINO;1364;PT;PRB / PT / PR / PC do B / PT do B;6.227;0,03%;eliminado
RENATO SIMÂES;1366;PT;PRB / PT / PR / PC do B / PT do B;63.796;0,30%;eliminado
PROFESSOR MOREIRA;1367;PT;PRB / PT / PR / PC do B / PT do B;8.856;0,04%;eliminado
DEVANIR RIBEIRO;1369;PT;PRB / PT / PR / PC do B / PT do B;127.952;0,60%;eleito
ZARATTINI;1370;PT;PRB / PT / PR / PC do B / PT do B;216.403;1,02%;eleito
NEIR÷ SILVA;1373;PT;PRB / PT / PR / PC do B / PT do B;0;0,00%;eliminado
DR RONALDO BRESCIANI;1377;PT;PRB / PT / PR / PC do B / PT do B;886;0,00%;eliminado
MARIA LUCIA PRANDI;1378;PT;PRB / PT / PR / PC do B / PT do B;56.108;0,26%;eliminado
ANGELO BARRETO;1380;PT;PRB / PT / PR / PC do B / PT do B;15.409;0,07%;eliminado
JANETE PIETµ;1387;PT;PRB / PT / PR / PC do B / PT do B;144.529;0,68%;eleito
VALDECI CHIRANHA;1388;PT;PRB / PT / PR / PC do B / PT do B;2.671;0,01%;eliminado
VICENTINHO;1390;PT;PRB / PT / PR / PC do B / PT do B;141.068;0,66%;eleito
DOUGLAS MOREIRA;1393;PT;PRB / PT / PR / PC do B / PT do B;616;0,00%;eliminado
PAULO TEIXEIRA;1398;PT;PRB / PT / PR / PC do B / PT do B;134.479;0,63%;eleito
FRANCISCO CHAGAS;1399;PT;PRB / PT / PR / PC do B / PT do B;0;0,00%;eliminado
JOAO ARAUJO;7000;PT DO B;PRB / PT / PR / PC do B / PT do B;8.637;0,04%;eliminado
PASTOR MARCOS DO EXêRCITO;7001;PT DO B;PRB / PT / PR / PC do B / PT do B;0;0,00%;eliminado
DR MARCAO DA MANCHA;7012;PT DO B;PRB / PT / PR / PC do B / PT do B;4.892;0,02%;eliminado
COCADINHA CRUZ;7020;PT DO B;PRB / PT / PR / PC do B / PT do B;253;0,00%;eliminado
MINEIRINHO;7040;PT DO B;PRB / PT / PR / PC do B / PT do B;732;0,00%;eliminado
SEVERINO RAMOS;7064;PT DO B;PRB / PT / PR / PC do B / PT do B;0;0,00%;eliminado
ALBINO MATOS GOMES;7090;PT DO B;PRB / PT / PR / PC do B / PT do B;2.466;0,01%;eliminado
PEZZOLO AMILCAR;3100;PHS;PSC / PHS;0;0,00%;eliminado
SARTORATO;3101;PHS;PSC / PHS;2.028;0,01%;eliminado
DR ANAMARIA HIRAKAWA;3103;PHS;PSC / PHS;1.736;0,01%;eliminado
ELIETE;3106;PHS;PSC / PHS;0;0,00%;eliminado
BETE VIDAL;3107;PHS;PSC / PHS;20;0,00%;eliminado
J‚ DO MAGR«O;3108;PHS;PSC / PHS;45;0,00%;eliminado
DANIEL DOS PRAZERES;3109;PHS;PSC / PHS;192;0,00%;eliminado
IRM«O DARCY;3111;PHS;PSC / PHS;188;0,00%;eliminado
BRUNO CORR“A;3112;PHS;PSC / PHS;176;0,00%;eliminado
MALUCO BELEZA;3113;PHS;PSC / PHS;12.304;0,06%;eliminado
LARISSA SOUZA;3114;PHS;PSC / PHS;0;0,00%;eliminado
MARQUINHO GUERRA;3117;PHS;PSC / PHS;360;0,00%;eliminado
TICIANO NEVES;3120;PHS;PSC / PHS;3.905;0,02%;eliminado
JO«O DA VIGILANCIA;3121;PHS;PSC / PHS;150;0,00%;eliminado
DONIZETI;3123;PHS;PSC / PHS;2.033;0,01%;eliminado
PROF SONIA;3125;PHS;PSC / PHS;0;0,00%;eliminado
BARBARA CATANI;3126;PHS;PSC / PHS;0;0,00%;eliminado
CACIQUE DAR«;3131;PHS;PSC / PHS;1.749;0,01%;eliminado
CASAGRANDE;3132;PHS;PSC / PHS;0;0,00%;eliminado
PROF HERMES;3133;PHS;PSC / PHS;3.359;0,02%;eliminado
DR GABRIEL;3134;PHS;PSC / PHS;212;0,00%;eliminado
DR NORBERTO;3135;PHS;PSC / PHS;145;0,00%;eliminado
EMANOEL MESSIAS SANTOS;3140;PHS;PSC / PHS;0;0,00%;eliminado
GERALDO DO POSTINHO;3141;PHS;PSC / PHS;194;0,00%;eliminado
DEBORA GODOI;3145;PHS;PSC / PHS;1.825;0,01%;eliminado
MARIO VIEIRA;3150;PHS;PSC / PHS;398;0,00%;eliminado
BIMBA;3151;PHS;PSC / PHS;451;0,00%;eliminado
JO«O LIGEIRO;3155;PHS;PSC / PHS;1.556;0,01%;eliminado
GILMAR DO NOVO MUNDO;3156;PHS;PSC / PHS;0;0,00%;eliminado
ARAMI O AZEITONA;3157;PHS;PSC / PHS;0;0,00%;eliminado
RONALDO CEZAR;3160;PHS;PSC / PHS;287;0,00%;eliminado
MIGUEL SILVA;3161;PHS;PSC / PHS;554;0,00%;eliminado
ROBERTA DO GADA;3162;PHS;PSC / PHS;0;0,00%;eliminado
Dê;3163;PHS;PSC / PHS;437;0,00%;eliminado
MANOEL ALELUIA;3164;PHS;PSC / PHS;168;0,00%;eliminado
JORGE LUIZ;3167;PHS;PSC / PHS;79;0,00%;eliminado
WILLIANS ROCHA-Zê BONITINHO;3168;PHS;PSC / PHS;108;0,00%;eliminado
MARCOS NEBLINA;3169;PHS;PSC / PHS;1.177;0,01%;eliminado
DR RENATO DO S«O JOSE;3174;PHS;PSC / PHS;168;0,00%;eliminado
WILSON TRINDADE;3177;PHS;PSC / PHS;558;0,00%;eliminado
PROFESSOR RODRIGO;3178;PHS;PSC / PHS;355;0,00%;eliminado
CALIXTO;3180;PHS;PSC / PHS;1.269;0,01%;eliminado
DIAS DO TOLDO;3182;PHS;PSC / PHS;347;0,00%;eliminado
POMARICO;3183;PHS;PSC / PHS;163;0,00%;eliminado
DEDê;3188;PHS;PSC / PHS;1.227;0,01%;eliminado
FµBIO GALAN;3190;PHS;PSC / PHS;430;0,00%;eliminado
JOSE DE SOUSA;3199;PHS;PSC / PHS;356;0,00%;eliminado
BENEDITO CAMPOS;2000;PSC;PSC / PHS;0;0,00%;eliminado
CORONEL GILSON LOPES;2001;PSC;PSC / PHS;11.304;0,05%;eliminado
MISSIONARIA NAZARE;2002;PSC;PSC / PHS;26.287;0,12%;eliminado
PEDRO ROESLER;2003;PSC;PSC / PHS;0;0,00%;eliminado
REV. WAGNER MOURA;2005;PSC;PSC / PHS;321;0,00%;eliminado
GERSON DO BASQUETE;2006;PSC;PSC / PHS;419;0,00%;eliminado
CLEBER DELALIBERA;2007;PSC;PSC / PHS;6.985;0,03%;eliminado
MARCO FELICIANO;2010;PSC;PSC / PHS;211.855;0,99%;eleito
MARCELO AGUIAR;2012;PSC;PSC / PHS;98.842;0,46%;eleito
CHICO NETO;2013;PSC;PSC / PHS;969;0,00%;eliminado
ARI BARCELLOS;2014;PSC;PSC / PHS;3.567;0,02%;eliminado
GISON SOARES;2015;PSC;PSC / PHS;1.3;0,01%;eliminado
SAMUEL SHAEL;2016;PSC;PSC / PHS;518;0,00%;eliminado
ANTONIO SANDOVAL;2017;PSC;PSC / PHS;2.298;0,01%;eliminado
TENENTE ORLANDO;2018;PSC;PSC / PHS;6.004;0,03%;eliminado
TYLDE DO CêLIO CLETO;2019;PSC;PSC / PHS;785;0,00%;eliminado
REGIS DE OLIVEIRA;2020;PSC;PSC / PHS;80.172;0,38%;eliminado
COPINA;2021;PSC;PSC / PHS;0;0,00%;eliminado
SILVIA PALMA;2022;PSC;PSC / PHS;2.163;0,01%;eliminado
NEY SANTOS;2023;PSC;PSC / PHS;40.321;0,19%;eliminado
PAULA CASTRO;2024;PSC;PSC / PHS;652;0,00%;eliminado
DR.CARLOS FARIA;2025;PSC;PSC / PHS;1.069;0,01%;eliminado
LUIZ TEOFILO;2026;PSC;PSC / PHS;0;0,00%;eliminado
JO«O LOCO;2027;PSC;PSC / PHS;3.313;0,02%;eliminado
WAGNER FIOROTTO;2028;PSC;PSC / PHS;1.018;0,00%;eliminado
DR. ANTONIO;2029;PSC;PSC / PHS;594;0,00%;eliminado
DALVAN;2030;PSC;PSC / PHS;2.704;0,01%;eliminado
DUDA VILELA;2031;PSC;PSC / PHS;6;0,03%;eliminado
CICERO FERNANDES;2033;PSC;PSC / PHS;701;0,00%;eliminado
MARCOS CUNHA;2034;PSC;PSC / PHS;12.279;0,06%;eliminado
PROF¶ ROSIRIS C‚NSOLO;2035;PSC;PSC / PHS;0;0,00%;eliminado
ROSEMAR BARACK OBAMA;2036;PSC;PSC / PHS;448;0,00%;eliminado
DR. LEONARDO LOURENÄO;2037;PSC;PSC / PHS;985;0,00%;eliminado
LAURA SOARES;2038;PSC;PSC / PHS;0;0,00%;eliminado
BELLINY;2039;PSC;PSC / PHS;0;0,00%;eliminado
PR. LUIZ LEMOS;2040;PSC;PSC / PHS;17.309;0,08%;eliminado
PR¶ ADRIANA;2041;PSC;PSC / PHS;558;0,00%;eliminado
QUEIROZ PIRIQUITA;2042;PSC;PSC / PHS;1.457;0,01%;eliminado
DANILO MIKILIM;2045;PSC;PSC / PHS;4.561;0,02%;eliminado
MAUR«O;2050;PSC;PSC / PHS;5.519;0,03%;eliminado
MIRO FERNANDES;2051;PSC;PSC / PHS;518;0,00%;eliminado
LEO;2055;PSC;PSC / PHS;1.206;0,01%;eliminado
LINCOLN MAGALH«ES;2057;PSC;PSC / PHS;0;0,00%;eliminado
BUCK;2058;PSC;PSC / PHS;4.171;0,02%;eliminado
OMAR;2060;PSC;PSC / PHS;3.246;0,02%;eliminado
DONA HILDA SEM ESCOLA;2061;PSC;PSC / PHS;747;0,00%;eliminado
PRICILA LEME;2063;PSC;PSC / PHS;0;0,00%;eliminado
ANTONIO BUGALU;2064;PSC;PSC / PHS;2.785;0,01%;eliminado
DR. SANDOVAL;2066;PSC;PSC / PHS;973;0,00%;eliminado
DR. CARALAMBOS;2067;PSC;PSC / PHS;4.906;0,02%;eliminado
SIMONE GOMES;2068;PSC;PSC / PHS;1.164;0,01%;eliminado
SANDRA KUROKI;2069;PSC;PSC / PHS;316;0,00%;eliminado
MAURO SANTOS;2070;PSC;PSC / PHS;494;0,00%;eliminado
TEO CHINAIA;2071;PSC;PSC / PHS;726;0,00%;eliminado
DR¶. CARLA CASALE;2072;PSC;PSC / PHS;173;0,00%;eliminado
TONINHO CORREDOR;2074;PSC;PSC / PHS;2.18;0,01%;eliminado
RENE DO RAP;2075;PSC;PSC / PHS;877;0,00%;eliminado
ALEXANDRE DUARTE;2077;PSC;PSC / PHS;257;0,00%;eliminado
TONHO BAIANO;2080;PSC;PSC / PHS;2.062;0,01%;eliminado
DOUTORA SUZANA GOMES;2085;PSC;PSC / PHS;1.138;0,01%;eliminado
RICARDO LEITE;2086;PSC;PSC / PHS;670;0,00%;eliminado
MANOEL GASPAR;2088;PSC;PSC / PHS;34.469;0,16%;eliminado
FLAVIUS;2090;PSC;PSC / PHS;0;0,00%;eliminado
BETO DO MERCADO;2092;PSC;PSC / PHS;0;0,00%;eliminado
KAMEL;2096;PSC;PSC / PHS;167;0,00%;eliminado
OZEAS FELINTO;2097;PSC;PSC / PHS;664;0,00%;eliminado
MAISENA;2098;PSC;PSC / PHS;449;0,00%;eliminado
MOACYR FERNANDES;2099;PSC;PSC / PHS;858;0,00%;eliminado
MUNUERA JUNIOR;4400;PRP;PSDC / PRTB / PRP;0;0,00%;eliminado
RUFINO MAXIMO;4401;PRP;PSDC / PRTB / PRP;143;0,00%;eliminado
JORVINA NAVARRO;4402;PRP;PSDC / PRTB / PRP;648;0,00%;eliminado
JOSE CLAUDIO;4407;PRP;PSDC / PRTB / PRP;185;0,00%;eliminado
NATANAEL ARAUJO DE MENEZES;4410;PRP;PSDC / PRTB / PRP;220;0,00%;eliminado
WILSON FOCµSSIO;4411;PRP;PSDC / PRTB / PRP;826;0,00%;eliminado
FRANCISCO GREGORIO;4412;PRP;PSDC / PRTB / PRP;1.734;0,01%;eliminado
DR. SANTOS ABREU;4413;PRP;PSDC / PRTB / PRP;0;0,00%;eliminado
ESTER ALBUQUERQUE;4414;PRP;PSDC / PRTB / PRP;0;0,00%;eliminado
PRIMO ANTUNES;4419;PRP;PSDC / PRTB / PRP;274;0,00%;eliminado
JOSE EVANGELISTA;4421;PRP;PSDC / PRTB / PRP;2.401;0,01%;eliminado
JORGE CUNHA;4422;PRP;PSDC / PRTB / PRP;531;0,00%;eliminado
IVONIZE DE SOUZA BARRETO;4428;PRP;PSDC / PRTB / PRP;0;0,00%;eliminado
Zê CRI;4433;PRP;PSDC / PRTB / PRP;1.539;0,01%;eliminado
JO«O GIL;4434;PRP;PSDC / PRTB / PRP;0;0,00%;eliminado
IVAN O TERRIVEL;4440;PRP;PSDC / PRTB / PRP;496;0,00%;eliminado
VANZELLE;4441;PRP;PSDC / PRTB / PRP;0;0,00%;eliminado
DR. MARCIO ABBUD;4444;PRP;PSDC / PRTB / PRP;3.629;0,02%;eliminado
JORGE PERES;4445;PRP;PSDC / PRTB / PRP;1.365;0,01%;eliminado
CONDE;4446;PRP;PSDC / PRTB / PRP;79;0,00%;eliminado
ELIETE CORREA;4447;PRP;PSDC / PRTB / PRP;0;0,00%;eliminado
FOGUINHO;4450;PRP;PSDC / PRTB / PRP;0;0,00%;eliminado
JOSE BRAZ;4451;PRP;PSDC / PRTB / PRP;0;0,00%;eliminado
PROFESSOR MUNHOZ;4455;PRP;PSDC / PRTB / PRP;849;0,00%;eliminado
TONIOLO;4456;PRP;PSDC / PRTB / PRP;32.712;0,15%;eliminado
ANDRE LUIZ;4457;PRP;PSDC / PRTB / PRP;280;0,00%;eliminado
LAMBARI;4461;PRP;PSDC / PRTB / PRP;125;0,00%;eliminado
PêPE;4466;PRP;PSDC / PRTB / PRP;0;0,00%;eliminado
LUCINDO CIOFFE GOMES;4469;PRP;PSDC / PRTB / PRP;183;0,00%;eliminado
FERNANDO ALVES DA SILVA;4470;PRP;PSDC / PRTB / PRP;0;0,00%;eliminado
INACIO JUNQUEIRA;4477;PRP;PSDC / PRTB / PRP;7.729;0,04%;eliminado
FAUSTO AURêLIO BRAGA;4478;PRP;PSDC / PRTB / PRP;118;0,00%;eliminado
VICENTE LEITE;4481;PRP;PSDC / PRTB / PRP;0;0,00%;eliminado
ROSALIA SILVA SANTANA;4486;PRP;PSDC / PRTB / PRP;0;0,00%;eliminado
PAULO FERREIRA;4488;PRP;PSDC / PRTB / PRP;370;0,00%;eliminado
TOMBI;4496;PRP;PSDC / PRTB / PRP;148;0,00%;eliminado
WILLYAN JOHNES;4499;PRP;PSDC / PRTB / PRP;198;0,00%;eliminado
EDERALDO;2802;PRTB;PSDC / PRTB / PRP;96;0,00%;eliminado
DR. LE«O III;2803;PRTB;PSDC / PRTB / PRP;68;0,00%;eliminado
PROFESSOR FERNANDO;2808;PRTB;PSDC / PRTB / PRP;677;0,00%;eliminado
GILBERTO AQUINO;2810;PRTB;PSDC / PRTB / PRP;241;0,00%;eliminado
FRANCIA;2813;PRTB;PSDC / PRTB / PRP;847;0,00%;eliminado
DETINHO;2814;PRTB;PSDC / PRTB / PRP;0;0,00%;eliminado
REIS;2819;PRTB;PSDC / PRTB / PRP;35;0,00%;eliminado
ALDINEA FIDELIX;2828;PRTB;PSDC / PRTB / PRP;163;0,00%;eliminado
LUIZ TAVARES;2829;PRTB;PSDC / PRTB / PRP;134;0,00%;eliminado
SAMUEL SOUZA;2830;PRTB;PSDC / PRTB / PRP;0;0,00%;eliminado
VALDIR MOREIRA;2833;PRTB;PSDC / PRTB / PRP;319;0,00%;eliminado
IZABEL ABBUD;2838;PRTB;PSDC / PRTB / PRP;60;0,00%;eliminado
EIDY NATASHA;2840;PRTB;PSDC / PRTB / PRP;137;0,00%;eliminado
DEIRA;2844;PRTB;PSDC / PRTB / PRP;0;0,00%;eliminado
DR¶. CARLA SERRA;2850;PRTB;PSDC / PRTB / PRP;138;0,00%;eliminado
ZE PILLIN;2851;PRTB;PSDC / PRTB / PRP;103;0,00%;eliminado
ROGERIO BATOM;2855;PRTB;PSDC / PRTB / PRP;0;0,00%;eliminado
ELIZEU;2860;PRTB;PSDC / PRTB / PRP;76;0,00%;eliminado
RACHID;2866;PRTB;PSDC / PRTB / PRP;0;0,00%;eliminado
KLEBER ARAUJO;2870;PRTB;PSDC / PRTB / PRP;0;0,00%;eliminado
EZEQUIEL SOUZA;2877;PRTB;PSDC / PRTB / PRP;884;0,00%;eliminado
DR¶. CARLA SILVA;2878;PRTB;PSDC / PRTB / PRP;88;0,00%;eliminado
JOSE CARLOS PEREIRA;2882;PRTB;PSDC / PRTB / PRP;0;0,00%;eliminado
PROFESSOR MANUEL;2888;PRTB;PSDC / PRTB / PRP;0;0,00%;eliminado
EVANDRO PIRONDI;2890;PRTB;PSDC / PRTB / PRP;0;0,00%;eliminado
JIMMY MOFFA;2899;PRTB;PSDC / PRTB / PRP;61;0,00%;eliminado
MARCIA MORAES;2700;PSDC;PSDC / PRTB / PRP;297;0,00%;eliminado
EUCLYDES;2701;PSDC;PSDC / PRTB / PRP;0;0,00%;eliminado
VILAS BOAS;2707;PSDC;PSDC / PRTB / PRP;190;0,00%;eliminado
PASTOR CRISTIAN;2712;PSDC;PSDC / PRTB / PRP;919;0,00%;eliminado
MESSIAS;2713;PSDC;PSDC / PRTB / PRP;0;0,00%;eliminado
PROFESSORA LEONICE;2720;PSDC;PSDC / PRTB / PRP;355;0,00%;eliminado
LABATTI;2722;PSDC;PSDC / PRTB / PRP;372;0,00%;eliminado
BEB“;2723;PSDC;PSDC / PRTB / PRP;250;0,00%;eliminado
JOSE CARLOS EYMAEL;2727;PSDC;PSDC / PRTB / PRP;2.563;0,01%;eliminado
ANGELO COIADO;2730;PSDC;PSDC / PRTB / PRP;355;0,00%;eliminado
JOSUE BONFIM;2740;PSDC;PSDC / PRTB / PRP;20;0,00%;eliminado
FARMACEUTICO WAGNER;2766;PSDC;PSDC / PRTB / PRP;837;0,00%;eliminado
AGENOR BISTECA;2768;PSDC;PSDC / PRTB / PRP;0;0,00%;eliminado
CARLOS FERNANDO;2772;PSDC;PSDC / PRTB / PRP;712;0,00%;eliminado
APOSTOLOS GREGO;2775;PSDC;PSDC / PRTB / PRP;374;0,00%;eliminado
LEONARDO;2777;PSDC;PSDC / PRTB / PRP;828;0,00%;eliminado
MACEDO;2781;PSDC;PSDC / PRTB / PRP;244;0,00%;eliminado
PASTOR AMAURI;2789;PSDC;PSDC / PRTB / PRP;1.839;0,01%;eliminado
JONAS DONIZETTE;4000;PSB;PSL / PSB;162.144;0,76%;eleito
MµRCIA LIMA;4001;PSB;PSL / PSB;521;0,00%;eliminado
ROGêRIO EM÷LIO;4003;PSB;PSL / PSB;689;0,00%;eliminado
DENNYS SERRANO;4004;PSB;PSL / PSB;1.758;0,01%;eliminado
EDSON PENNA;4005;PSB;PSL / PSB;485;0,00%;eliminado
MARCELINHO CARIOCA;4007;PSB;PSL / PSB;62.399;0,29%;eliminado
MARCOS DE PAULA;4008;PSB;PSL / PSB;4.775;0,02%;eliminado
GUSTAVO HERRMANN;4009;PSB;PSL / PSB;25.703;0,12%;eliminado
SARGENTO FERNANDO;4010;PSB;PSL / PSB;3.363;0,02%;eliminado
IRM«O JO«O NOGUEIRA;4011;PSB;PSL / PSB;957;0,00%;eliminado
ELISEU GABRIEL;4012;PSB;PSL / PSB;37.564;0,18%;eliminado
CARLOS MARTINS;4013;PSB;PSL / PSB;0;0,00%;eliminado
DR. ANTONIO BUSSOLETTI;4014;PSB;PSL / PSB;979;0,00%;eliminado
RODNEY;4015;PSB;PSL / PSB;554;0,00%;eliminado
AD«O LIMA;4016;PSB;PSL / PSB;4.6;0,02%;eliminado
RENATO KRONKA;4018;PSB;PSL / PSB;268;0,00%;eliminado
VALDIR GONÄALVES;4019;PSB;PSL / PSB;207;0,00%;eliminado
CAPIT«O AUGUSTO;4020;PSB;PSL / PSB;49.216;0,23%;eliminado
LUIZA ERUNDINA;4021;PSB;PSL / PSB;214.114;1,00%;eleito
TIO DO DOCE;4022;PSB;PSL / PSB;872;0,00%;eliminado
CHINELO;4023;PSB;PSL / PSB;20.284;0,10%;eliminado
TORINO;4025;PSB;PSL / PSB;34.08;0,16%;eliminado
IVONE DO CLUBE DE CAMPO;4029;PSB;PSL / PSB;809;0,00%;eliminado
GABRIEL CHALITA;4030;PSB;PSL / PSB;560.022;2,63%;eleito
AMAURY SILVA;4031;PSB;PSL / PSB;0;0,00%;eliminado
PAULO ROGêRIO MARTINS;4033;PSB;PSL / PSB;1.285;0,01%;eliminado
MARIO SHIBATA;4034;PSB;PSL / PSB;484;0,00%;eliminado
JORNALISTA PITTON;4035;PSB;PSL / PSB;1.764;0,01%;eliminado
TATI ESPONTONE;4039;PSB;PSL / PSB;381;0,00%;eliminado
MµRCIO FRANÄA;4040;PSB;PSL / PSB;172.005;0,81%;eleito
CORAUCI;4041;PSB;PSL / PSB;25.802;0,12%;eliminado
ENGENHEIRO CLµUDIO;4042;PSB;PSL / PSB;622;0,00%;eliminado
RUBINHO CAI CAI;4043;PSB;PSL / PSB;3.267;0,02%;eliminado
DR. ALEXANDRE;4044;PSB;PSL / PSB;12.513;0,06%;eliminado
DRA. ROSIANE FARIAS;4045;PSB;PSL / PSB;45.862;0,22%;eliminado
MAGDA ZAMAT;4046;PSB;PSL / PSB;438;0,00%;eliminado
JOSê LEAL;4047;PSB;PSL / PSB;0;0,00%;eliminado
CID«O EVANGELISTA;4048;PSB;PSL / PSB;1.318;0,01%;eliminado
CARMEM FRANCO;4049;PSB;PSL / PSB;384;0,00%;eliminado
TONINHO GARMS;4050;PSB;PSL / PSB;14.924;0,07%;eliminado
VALDIR ALVARENGA;4051;PSB;PSL / PSB;7.71;0,04%;eliminado
WALTER SANDRO;4052;PSB;PSL / PSB;6.879;0,03%;eliminado
SANTO PETRONI;4053;PSB;PSL / PSB;348;0,00%;eliminado
MILTON JOAQUIM SILVA;4054;PSB;PSL / PSB;242;0,00%;eliminado
DRA. ELAINE;4055;PSB;PSL / PSB;55.571;0,26%;eliminado
UNALDO SANTOS;4056;PSB;PSL / PSB;6.415;0,03%;eliminado
CIDA SANTANA;4057;PSB;PSL / PSB;258;0,00%;eliminado
SILENE DE ALMEIDA;4059;PSB;PSL / PSB;296;0,00%;eliminado
VANDIR MOGNON;4060;PSB;PSL / PSB;6.959;0,03%;eliminado
RAMIRO;4061;PSB;PSL / PSB;309;0,00%;eliminado
DA SILVA SANTOS;4062;PSB;PSL / PSB;506;0,00%;eliminado
DR. CL‡VIS;4064;PSB;PSL / PSB;497;0,00%;eliminado
DIRCEU CARDOSO;4066;PSB;PSL / PSB;712;0,00%;eliminado
NILZ«O ART;4069;PSB;PSL / PSB;1.62;0,01%;eliminado
ABELARDO CAMARINHA;4070;PSB;PSL / PSB;71.637;0,34%;eleito
M÷RIAM MARTINS;4071;PSB;PSL / PSB;278;0,00%;eliminado
JEFFERSON CAMPOS;4074;PSB;PSL / PSB;116.317;0,55%;eleito
GRAÄA;4077;PSB;PSL / PSB;24.112;0,11%;eliminado
GETÈLIO DUARTE;4078;PSB;PSL / PSB;1.984;0,01%;eliminado
NEIDE TAMEIR«O;4079;PSB;PSL / PSB;857;0,00%;eliminado
DR. UBIALI;4080;PSB;PSL / PSB;63.255;0,30%;eliminado
PROF. HOMERO GOMES;4081;PSB;PSL / PSB;474;0,00%;eliminado
Zê AMIGUINHO;4083;PSB;PSL / PSB;10.615;0,05%;eliminado
JO«O DE SOUZA;4084;PSB;PSL / PSB;117;0,00%;eliminado
DANILO DE SAÈDE;4085;PSB;PSL / PSB;274;0,00%;eliminado
TIGRE;4087;PSB;PSL / PSB;436;0,00%;eliminado
VICENTE CAPRINO;4090;PSB;PSL / PSB;595;0,00%;eliminado
PROFESSORA INES;4091;PSB;PSL / PSB;138;0,00%;eliminado
OTA;4096;PSB;PSL / PSB;213.024;1,00%;eleito
MIZAEL MORENO;4098;PSB;PSL / PSB;0;0,00%;eliminado
MIGUEL SAMPAIO;4099;PSB;PSL / PSB;19.116;0,09%;eliminado
DANIEL CALDEIRA;1700;PSL;PSL / PSB;5.672;0,03%;eliminado
CASSIO WATANABE;1701;PSL;PSL / PSB;775;0,00%;eliminado
JANETE ARAUJO;1707;PSL;PSL / PSB;156;0,00%;eliminado
CARLINHOS AIMAR;1710;PSL;PSL / PSB;0;0,00%;eliminado
ANTONIO RODRIGUES;1711;PSL;PSL / PSB;0;0,00%;eliminado
WELLINGTON DELFIOL;1712;PSL;PSL / PSB;841;0,00%;eliminado
PROFESSOR MIGUEL;1713;PSL;PSL / PSB;355;0,00%;eliminado
RUDY GATOLIN;1715;PSL;PSL / PSB;209;0,00%;eliminado
DIRCEU DATTI;1717;PSL;PSL / PSB;0;0,00%;eliminado
SARGENTO SEVERO;1718;PSL;PSL / PSB;15.043;0,07%;eliminado
WANDERLEIA MARIM;1719;PSL;PSL / PSB;192;0,00%;eliminado
CAMILA FERNANDA;1721;PSL;PSL / PSB;491;0,00%;eliminado
EDER B2;1722;PSL;PSL / PSB;2.072;0,01%;eliminado
BADYNHO;1724;PSL;PSL / PSB;474;0,00%;eliminado
MARIA ESTELA;1725;PSL;PSL / PSB;30;0,00%;eliminado
PAULO DONATO;1736;PSL;PSL / PSB;652;0,00%;eliminado
MISSIONµRIA NêIA SANCHES;1737;PSL;PSL / PSB;664;0,00%;eliminado
MARIA DO CARMO LE«O;1744;PSL;PSL / PSB;218;0,00%;eliminado
CANTORA LEA DE ARAUJO;1747;PSL;PSL / PSB;739;0,00%;eliminado
PROFESSOR DOUGLAS CARBONNE;1750;PSL;PSL / PSB;259;0,00%;eliminado
SILVIO CANGUEIRO;1751;PSL;PSL / PSB;151;0,00%;eliminado
LINDALVA MARIA;1757;PSL;PSL / PSB;60;0,00%;eliminado
GLEDSON TIGR«O;1766;PSL;PSL / PSB;914;0,00%;eliminado
JOSê EDIVALDO CARDOZO;1767;PSL;PSL / PSB;628;0,00%;eliminado
APOSTOLO LEO;1777;PSL;PSL / PSB;10.781;0,05%;eliminado
EVANGELISTA MACEDO;1780;PSL;PSL / PSB;779;0,00%;eliminado
TATIANA QUEIROZ;1785;PSL;PSL / PSB;105;0,00%;eliminado
PASTOR VALQUIRIO;1786;PSL;PSL / PSB;425;0,00%;eliminado
EMER NOGUEIRA;1787;PSL;PSL / PSB;209;0,00%;eliminado
ROBERTO SIQUEIRA;1789;PSL;PSL / PSB;5.757;0,03%;eliminado
MARIO BERTI;2100;PCB;;0;0,00%;eliminado
VLAD«O;2121;PCB;;0;0,00%;eliminado
ANA CAMPOS;2131;PCB;;0;0,00%;eliminado
CABEÄA BRANCA;2141;PCB;;0;0,00%;eliminado
ODAIR DIAS;2199;PCB;;0;0,00%;eliminado
NATALIA COSTA PIMENTA;2929;PCO;;745;0,00%;eliminado
CLµUDIO VIEIRA;2939;PCO;;0;0,00%;eliminado
PH;1200;PDT;;6.515;0,03%;eliminado
KIM;1202;PDT;;10.99;0,05%;eliminado
SARGENTO DARCY;1203;PDT;;782;0,00%;eliminado
CARLITO VIANA;1206;PDT;;862;0,00%;eliminado
NHA NHA;1207;PDT;;1.065;0,00%;eliminado
DR MARIO;1208;PDT;;424;0,00%;eliminado
ERLON CHAVES;1210;PDT;;6.571;0,03%;eliminado
JO«O DADO;1211;PDT;;70.486;0,33%;eleito
PAULINHO DA FORÄA;1212;PDT;;267.208;1,25%;eleito
ELISEU DANIEL;1213;PDT;;39.241;0,18%;eliminado
BARBOSA;1214;PDT;;2.687;0,01%;eliminado
GUSTAVO STUPP;1215;PDT;;11.455;0,05%;eliminado
ARMANDO HENRIQUE;1217;PDT;;4.844;0,02%;eliminado
MARTAN;1218;PDT;;1.677;0,01%;eliminado
BOAVENTURA;1219;PDT;;2.173;0,01%;eliminado
KAREN HEINS;1220;PDT;;30.898;0,14%;eliminado
PEDRO BAPTISTINI;1222;PDT;;3.875;0,02%;eliminado
SAULO GOES;1225;PDT;;9.288;0,04%;eliminado
MEDEIROS;1230;PDT;;34.904;0,16%;eliminado
GILBERTO BENZI;1231;PDT;;15.647;0,07%;eliminado
EDUARDO NASCIMENTO;1232;PDT;;901;0,00%;eliminado
ANTONIO DIAS;1233;PDT;;0;0,00%;eliminado
DR LUIZ CHIAPARINE;1234;PDT;;37.568;0,18%;eliminado
NELSINHO DA BAHIA;1235;PDT;;2.929;0,01%;eliminado
MANOEL ANTUNES;1236;PDT;;40.238;0,19%;eliminado
DEF.BIODIESEL-SILASEDUARDOINKE;1238;PDT;;633;0,00%;eliminado
PILOTO;1239;PDT;;3.255;0,02%;eliminado
CARLOS HENRIQUE;1242;PDT;;40.031;0,19%;eliminado
MAURICIO SOARES JUNIOR;1244;PDT;;12.766;0,06%;eliminado
DRA DEBORA;1245;PDT;;10.011;0,05%;eliminado
ISMAEL NICACIO;1248;PDT;;230;0,00%;eliminado
SALVADOR ZIMBALDI;1250;PDT;;42.743;0,20%;eleito
DRA BETHY POLACHINI;1251;PDT;;0;0,00%;eliminado
DRA ZIRVA;1253;PDT;;3.024;0,01%;eliminado
LINDOLFO DOS SANTOS;1255;PDT;;17.61;0,08%;eliminado
FERNANDO CHIARELLI;1256;PDT;;28.712;0,13%;eliminado
GILBERTO LOPES;1259;PDT;;288;0,00%;eliminado
OZêAS PEREIRA;1260;PDT;;0;0,00%;eliminado
ITAMAR ALVES;1266;PDT;;8.568;0,04%;eliminado
WILSON COELHO;1269;PDT;;4.335;0,02%;eliminado
INDIO TERENA;1270;PDT;;1.318;0,01%;eliminado
NEI;1277;PDT;;4.248;0,02%;eliminado
JOSUE TOPA TUDO;1278;PDT;;3.38;0,02%;eliminado
SARGENTO ERNALDO;1280;PDT;;5.48;0,03%;eliminado
MAGAIVER;1281;PDT;;4.293;0,02%;eliminado
VALDEVAN NOVENTA;1290;PDT;;25.256;0,12%;eliminado
ACIR FIL‡;1291;PDT;;20.95;0,10%;eliminado
FADUL;1299;PDT;;12.072;0,06%;eliminado
PAULO LIMA;1500;PMDB;;81.483;0,38%;eliminado
CARVALHO SALES;1501;PMDB;;3.947;0,02%;eliminado
VANDERLEI JUELI;1502;PMDB;;1.164;0,01%;eliminado
DR. ALMêRIO;1503;PMDB;;1.268;0,01%;eliminado
CARMELITA TOLEDANO;1504;PMDB;;100;0,00%;eliminado
ANA CRISTINA;1505;PMDB;;2.025;0,01%;eliminado
CELSO GUEDES;1506;PMDB;;164;0,00%;eliminado
NEN“ MONTANHER;1509;PMDB;;7.316;0,03%;eliminado
NEN“ RêSTIO;1510;PMDB;;7.124;0,03%;eliminado
MARCOS TEN‡RIO;1511;PMDB;;5.971;0,03%;eliminado
PAULINHO SOBRAL;1512;PMDB;;3.166;0,01%;eliminado
BONFµ;1513;PMDB;;948;0,00%;eliminado
TONY JUPSSON;1514;PMDB;;2.044;0,01%;eliminado
EDUARDO COELHO;1515;PMDB;;40.302;0,19%;eliminado
PILTON RIOS;1516;PMDB;;2.391;0,01%;eliminado
DIEGO MARTINS;1517;PMDB;;497;0,00%;eliminado
JOSê DE ANCHIETA;1519;PMDB;;291;0,00%;eliminado
CASTANHO;1520;PMDB;;737;0,00%;eliminado
DR. PAULO VALENTIM;1521;PMDB;;7.394;0,03%;eliminado
SINIVAL;1522;PMDB;;1.957;0,01%;eliminado
EDINHO ARAUJO;1523;PMDB;;100.195;0,47%;eleito
Pê VERMELHO;1524;PMDB;;460;0,00%;eliminado
LIMA JUNIOR;1525;PMDB;;1.233;0,01%;eliminado
LAZARO;1528;PMDB;;424;0,00%;eliminado
SERGIO KOBRA;1530;PMDB;;6.098;0,03%;eliminado
DR. AJURICABA;1533;PMDB;;2.567;0,01%;eliminado
DR. JAIR;1535;PMDB;;6.673;0,03%;eliminado
INDIA;1540;PMDB;;462;0,00%;eliminado
BOMFIM;1541;PMDB;;233;0,00%;eliminado
LEONEL NA HORA;1542;PMDB;;943;0,00%;eliminado
ANTONIO MARTINS DA COSTA;1544;PMDB;;238;0,00%;eliminado
ROLEMBERG;1545;PMDB;;869;0,00%;eliminado
CORONEL EX GAMA SANTOS;1547;PMDB;;449;0,00%;eliminado
BOCA NERVOSA;1550;PMDB;;1.342;0,01%;eliminado
REGA;1551;PMDB;;522;0,00%;eliminado
EMIDIO SANTANA;1552;PMDB;;316;0,00%;eliminado
LEONARDO HENRIQUE;1554;PMDB;;204;0,00%;eliminado
LêO OLIVEIRA;1555;PMDB;;87.615;0,41%;eliminado
FRANCISCO ROSSI;1556;PMDB;;0;0,00%;eliminado
CLERISTON VALLE;1557;PMDB;;1.719;0,01%;eliminado
MAIRµ;1558;PMDB;;192;0,00%;eliminado
JOSê RICARDO;1561;PMDB;;372;0,00%;eliminado
JB SILVA;1565;PMDB;;337;0,00%;eliminado
RINALDO;1566;PMDB;;1.313;0,01%;eliminado
JO«O DA FARMµCIA;1567;PMDB;;5.989;0,03%;eliminado
DR. CêSAR;1568;PMDB;;1.252;0,01%;eliminado
MORATO;1569;PMDB;;1.455;0,01%;eliminado
VALDO DOMINGOS;1570;PMDB;;439;0,00%;eliminado
PABLIO REBESSI;1571;PMDB;;1.347;0,01%;eliminado
JUAREZ COSTA SANTOS;1575;PMDB;;115;0,00%;eliminado
GERALD«O;1577;PMDB;;7.891;0,04%;eliminado
RICARDO HOLZ;1578;PMDB;;1.907;0,01%;eliminado
JO«O SARACENI;1580;PMDB;;1.024;0,00%;eliminado
WILSON DIAS;1581;PMDB;;534;0,00%;eliminado
A. TRIUNFO AVELLAR;1583;PMDB;;335;0,00%;eliminado
JOSê CARLOS;1585;PMDB;;505;0,00%;eliminado
PAULINHO DO GUINCHO;1589;PMDB;;626;0,00%;eliminado
EVANDRO MEIRA;1590;PMDB;;698;0,00%;eliminado
CLAUDIO CINQUENT«O;1595;PMDB;;642;0,00%;eliminado
VALêRIA;1598;PMDB;;2.027;0,01%;eliminado
DR. SAMIR NASSBINE;1599;PMDB;;17.21;0,08%;eliminado
CHIQUINHO DO ZAIRA;3300;PMN;;0;0,00%;eliminado
LOURIVAL - NENO;3301;PMN;;616;0,00%;eliminado
BETE MATTOS;3303;PMN;;106;0,00%;eliminado
NEGRAO;3306;PMN;;1.258;0,01%;eliminado
CELIA PERCEVALLI;3309;PMN;;281;0,00%;eliminado
MAURICIO PESSOA;3310;PMN;;473;0,00%;eliminado
MARQUINHO;3311;PMN;;6.53;0,03%;eliminado
DONIZETE DA FARMACIA;3312;PMN;;11.586;0,05%;eliminado
CRIS CABRAL OU CRISTINA CABRAL;3313;PMN;;1.002;0,00%;eliminado
GILMAR XAVIER;3314;PMN;;308;0,00%;eliminado
ANTONIO SEVERINO;3315;PMN;;353;0,00%;eliminado
FERNANDO RIZZOLO;3318;PMN;;187;0,00%;eliminado
JOAO ALCANTARA;3320;PMN;;717;0,00%;eliminado
WILSON;3321;PMN;;1.094;0,01%;eliminado
DR DAVI;3322;PMN;;17.978;0,08%;eliminado
LEO IZIDORO;3323;PMN;;249;0,00%;eliminado
DE FAZIO;3327;PMN;;173;0,00%;eliminado
SANDER MECCA;3328;PMN;;0;0,00%;eliminado
MACHADO;3330;PMN;;131;0,00%;eliminado
MARCELO MADRUGA;3331;PMN;;1.219;0,01%;eliminado
LIBERATO CABOCLO;3332;PMN;;0;0,00%;eliminado
LUCAS ALBANO;3333;PMN;;2.731;0,01%;eliminado
ANA CATTAN;3334;PMN;;332;0,00%;eliminado
DANIEL SAAD;3336;PMN;;113;0,00%;eliminado
CINTRA;3337;PMN;;300;0,00%;eliminado
CLAUDEMIR VIGILANTE;3338;PMN;;410;0,00%;eliminado
PROF VANIA;3340;PMN;;75;0,00%;eliminado
ISMAEL PEREIRA;3343;PMN;;106;0,00%;eliminado
FRANCISCO SOUZA;3344;PMN;;280;0,00%;eliminado
CRISTIANO PEDRO;3345;PMN;;1.194;0,01%;eliminado
JOSE FORYAN;3347;PMN;;205;0,00%;eliminado
IVAN NUNES - CARTEIRO;3351;PMN;;212;0,00%;eliminado
FERNANDO;3355;PMN;;1.462;0,01%;eliminado
LAIR DA APAE;3356;PMN;;12.018;0,06%;eliminado
JOSE SILVA;3361;PMN;;109;0,00%;eliminado
PEDRO VIVIANI;3363;PMN;;918;0,00%;eliminado
DANIEL ROSSI;3366;PMN;;14.291;0,07%;eliminado
O POLITIZADOR DO BRASIL;3367;PMN;;868;0,00%;eliminado
RUY RODRIGUES DE SOUZA;3371;PMN;;523;0,00%;eliminado
PEDRO MANOEL;3373;PMN;;151;0,00%;eliminado
SIDNEY DUTRA;3377;PMN;;23.984;0,11%;eliminado
SAMUEL LUCAS;3379;PMN;;1.507;0,01%;eliminado
JOSE RAIMUNDO;3387;PMN;;0;0,00%;eliminado
MARILU DE PAULA;3389;PMN;;188;0,00%;eliminado
SERGIO ANTONIO;3393;PMN;;178;0,00%;eliminado
JOAO LOURENCO;3398;PMN;;313;0,00%;eliminado
LINDONBERK SILVA;3399;PMN;;3.485;0,02%;eliminado
DURVAL MORELLI;1100;PP;;2.316;0,01%;eliminado
FAUZI HAMUCHE;1101;PP;;0;0,00%;eliminado
JEFERSON CAMILLO;1102;PP;;1.884;0,01%;eliminado
MISSIONµRIA CICERA BEZERRA;1103;PP;;884;0,00%;eliminado
DR JOSê CLAUDIO;1104;PP;;6;0,03%;eliminado
AUREA PARANHOS;1105;PP;;286;0,00%;eliminado
PAULA AGUIAR;1106;PP;;635;0,00%;eliminado
MAURO SIGA BEM;1107;PP;;147;0,00%;eliminado
TCEL JULIO LEMOS;1108;PP;;1.391;0,01%;eliminado
HILTON;1109;PP;;0;0,00%;eliminado
NATAL SOARES;1110;PP;;8.532;0,04%;eliminado
MALUF;1111;PP;;0;0,00%;eliminado
RUBENEUTON OLIVEIRA LIMA;1112;PP;;10.085;0,05%;eliminado
ANGINHO DOS TECLADOS;1113;PP;;1.94;0,01%;eliminado
DR CLERMONT;1114;PP;;0;0,00%;eliminado
CARLOS OCTAVIANI;1115;PP;;52.74;0,25%;eliminado
DRA CELIA MARIA;1116;PP;;952;0,00%;eliminado
IRAPUAN SIQUEIRA;1117;PP;;0;0,00%;eliminado
SANAZAR;1118;PP;;1.653;0,01%;eliminado
CAPIT«O GOMES;1119;PP;;14.172;0,07%;eliminado
LALO;1120;PP;;7.807;0,04%;eliminado
RENATO REICHANN;1121;PP;;753;0,00%;eliminado
BATORê;1122;PP;;23.046;0,11%;eliminado
MANOEL MOREIRA;1123;PP;;3.354;0,02%;eliminado
ADELINA ALCANTARA MACHADO;1124;PP;;1.3;0,01%;eliminado
LIBERATO DE VALENTIM GENTIL;1125;PP;;0;0,00%;eliminado
RENATO AMORIM;1126;PP;;677;0,00%;eliminado
LAURINDO BARNARDES;1127;PP;;5.727;0,03%;eliminado
RICARDO RUSSOMANNO;1128;PP;;0;0,00%;eliminado
JO«O FADEL;1130;PP;;36.078;0,17%;eliminado
MAURICIO MARTINS;1131;PP;;5.121;0,02%;eliminado
PEDRINHO BARACAT;1132;PP;;2.689;0,01%;eliminado
ALINE CORREA;1133;PP;;78.317;0,37%;eleito
ELIAS BITENCOURT;1135;PP;;4.812;0,02%;eliminado
PAULO BASSOLI;1136;PP;;1.395;0,01%;eliminado
PASTOR MARCOS MOTOLO;1137;PP;;727;0,00%;eliminado
TELLES;1139;PP;;454;0,00%;eliminado
MARCELO CORREIA;1140;PP;;10.466;0,05%;eliminado
CATARINA RIGINIK;1141;PP;;4.099;0,02%;eliminado
CLAUDIO SABINO;1142;PP;;1.45;0,01%;eliminado
DRA ADRIANA DA COSTA;1143;PP;;31.119;0,15%;eliminado
BETO MANSUR;1144;PP;;0;0,00%;eliminado
ADHEMAR DE BARROS FILHO;1145;PP;;6.632;0,03%;eliminado
LAYRTON INFANTE;1147;PP;;8.719;0,04%;eliminado
MOURAD;1151;PP;;3.246;0,02%;eliminado
"MAURICIO ""TCH“ DA TORRE""";1152;PP;;671;0,00%;eliminado
CABO WILSON;1154;PP;;16.517;0,08%;eliminado
MISSIONµRIO JOSê OLIMPIO;1155;PP;;160.813;0,75%;eleito
FERNANDO STANCATTI;1156;PP;;4.519;0,02%;eliminado
MAURICIO HAKA;1158;PP;;13.45;0,06%;eliminado
ERIVAN;1160;PP;;1.517;0,01%;eliminado
PEDRINHO ISHIDA;1161;PP;;1.211;0,01%;eliminado
SILVIA MARIA;1166;PP;;332;0,00%;eliminado
TUC«O;1167;PP;;6.85;0,03%;eliminado
DR NECHAR;1169;PP;;46.165;0,22%;eliminado
DELEGADA GRACIELA;1170;PP;;62.225;0,29%;eliminado
EDSON REIS;1173;PP;;634;0,00%;eliminado
MARIO YAMASHITA;1178;PP;;714;0,00%;eliminado
CARL«O FELIPE;1180;PP;;5.715;0,03%;eliminado
NETO BELUCI;1181;PP;;29.822;0,14%;eliminado
PRICILA MENIN;1187;PP;;1.754;0,01%;eliminado
JORGE WILSON;1188;PP;;13.498;0,06%;eliminado
CAPIT«O CRIVELARI;1190;PP;;4.87;0,02%;eliminado
DR LêO KAHN;1191;PP;;7.396;0,03%;eliminado
FARIA LIMA;1197;PP;;804;0,00%;eliminado
MARCELO MARIANO;1198;PP;;12.938;0,06%;eliminado
VAD«O;1199;PP;;56.277;0,26%;eliminado
JAMIL PRUDENCIANO;5000;PSOL;;1.603;0,01%;eliminado
RAFAEL MOYA;5001;PSOL;;1.236;0,01%;eliminado
CREUSA LIMA;5002;PSOL;;303;0,00%;eliminado
PROFESSOR CARLOS DATOVO;5003;PSOL;;700;0,00%;eliminado
WELLINGTON SUCAM;5004;PSOL;;0;0,00%;eliminado
PROF¶ M¶ DOLORES;5005;PSOL;;1.967;0,01%;eliminado
PROFESSOR SAULO CARVALHO;5006;PSOL;;797;0,00%;eliminado
CABRAL DOS QUIMICOS;5007;PSOL;;1.011;0,00%;eliminado
JASPER;5008;PSOL;;98;0,00%;eliminado
SOL;5009;PSOL;;170;0,00%;eliminado
JUNIA GOUVEA;5010;PSOL;;0;0,00%;eliminado
ANIVALDO;5011;PSOL;;1.001;0,00%;eliminado
ADILSON RODRIGUES;5012;PSOL;;2.485;0,01%;eliminado
MAURICIO COSTA;5013;PSOL;;0;0,00%;eliminado
JOAO SILVERIO;5014;PSOL;;904;0,00%;eliminado
RODRIGO CHIZOLINI;5015;PSOL;;5.787;0,03%;eliminado
PROFESSOR ROBERTO CARLOS;5016;PSOL;;325;0,00%;eliminado
ALDA FRANCO;5017;PSOL;;0;0,00%;eliminado
FABIO DO PSOL;5018;PSOL;;1.302;0,01%;eliminado
TERESA COSTA;5019;PSOL;;262;0,00%;eliminado
AKIKO AKI;5020;PSOL;;1.301;0,01%;eliminado
CICERO DO POSTO;5021;PSOL;;933;0,00%;eliminado
PROF. NETO;5022;PSOL;;523;0,00%;eliminado
Zê NILDO;5023;PSOL;;0;0,00%;eliminado
MARKETTY;5024;PSOL;;0;0,00%;eliminado
DRA. JÈLIA;5025;PSOL;;1.852;0,01%;eliminado
DARIO ADVOGADO;5026;PSOL;;0;0,00%;eliminado
ANDRE DO J. CêLIO;5027;PSOL;;1.698;0,01%;eliminado
FAUSTO NETO;5028;PSOL;;367;0,00%;eliminado
JULIANO MATOS;5030;PSOL;;0;0,00%;eliminado
ARIADNE LIBERATO;5031;PSOL;;684;0,00%;eliminado
JOSE HENRIQUE DA EDUCAÄ«O;5032;PSOL;;0;0,00%;eliminado
ERIC NUNES;5033;PSOL;;446;0,00%;eliminado
FERNANDO BORGES;5034;PSOL;;1.188;0,01%;eliminado
PROFESSORA PATRICIA;5035;PSOL;;584;0,00%;eliminado
JANDUHY ALENCAR;5036;PSOL;;554;0,00%;eliminado
HENRIQUE PADOVANI;5037;PSOL;;262;0,00%;eliminado
JOSê CARLOS DOS SANTOS;5038;PSOL;;166;0,00%;eliminado
ZE GERALDO;5039;PSOL;;0;0,00%;eliminado
RODRIGO PAIXAO;5040;PSOL;;3.567;0,02%;eliminado
PEDRO ROBERTO;5041;PSOL;;6.737;0,03%;eliminado
NELSON OLIVEIRA;5042;PSOL;;579;0,00%;eliminado
CAROLA;5043;PSOL;;0;0,00%;eliminado
DUDA;5044;PSOL;;0;0,00%;eliminado
OSMAR VILELA;5045;PSOL;;329;0,00%;eliminado
KAREN MARTINS;5046;PSOL;;159;0,00%;eliminado
LUIZ CARLOS DOS SANTOS;5047;PSOL;;0;0,00%;eliminado
CID«O;5048;PSOL;;0;0,00%;eliminado
ELISEU SOARES;5049;PSOL;;313;0,00%;eliminado
IVAN VALENTE;5050;PSOL;;189.014;0,89%;eleito
VALDEMAR VALENTIN;5051;PSOL;;337;0,00%;eliminado
JOHN KENNEDY;5052;PSOL;;454;0,00%;eliminado
ADEMIR ê FEDERAL;5053;PSOL;;1.237;0,01%;eliminado
BAHREYN;5054;PSOL;;0;0,00%;eliminado
PROFESSORA MµRCIA TAVARES;5055;PSOL;;2.194;0,01%;eliminado
RICARDO ALVAREZ;5056;PSOL;;5.288;0,02%;eliminado
PROFESSORA LOURDES;5057;PSOL;;0;0,00%;eliminado
RICARDO DUTRA;5059;PSOL;;239;0,00%;eliminado
MARZENI;5060;PSOL;;1.758;0,01%;eliminado
PROFESSORA RITA;5061;PSOL;;383;0,00%;eliminado
PEDRO BOM;5062;PSOL;;0;0,00%;eliminado
EDSON MACIEL;5063;PSOL;;303;0,00%;eliminado
RAMALHAO;5065;PSOL;;678;0,00%;eliminado
MARIO CONCEIÄ«O;5066;PSOL;;665;0,00%;eliminado
ROSELI QUEIROZ;5067;PSOL;;271;0,00%;eliminado
ANIZIO BATISTA;5068;PSOL;;1.453;0,01%;eliminado
ALEXANDRE TULLII (NINJA);5069;PSOL;;0;0,00%;eliminado
HELTON BASTOS;5070;PSOL;;1.06;0,00%;eliminado
ADEMIR;5071;PSOL;;0;0,00%;eliminado
PROF. SIDNEI;5072;PSOL;;110;0,00%;eliminado
THIAGO FLORIO;5073;PSOL;;1.589;0,01%;eliminado
ANDREIA MARQUES;5074;PSOL;;0;0,00%;eliminado
MARIANA CONTI;5075;PSOL;;3.133;0,01%;eliminado
ANSELMO PIRES;5077;PSOL;;0;0,00%;eliminado
CARLOS ROCHA;5079;PSOL;;855;0,00%;eliminado
PROFESSOR DANIEL;5080;PSOL;;0;0,00%;eliminado
NOBEL SOARES DE OLIVEIRA;5081;PSOL;;947;0,00%;eliminado
ZENI;5082;PSOL;;349;0,00%;eliminado
JULIANO ROCHA;5083;PSOL;;649;0,00%;eliminado
RAIMUNDO FE;5084;PSOL;;13;0,00%;eliminado
SERGIO CABEÄA;5085;PSOL;;316;0,00%;eliminado
LUIS«O;5088;PSOL;;0;0,00%;eliminado
SANDRO VIEIRA;5089;PSOL;;0;0,00%;eliminado
PROF. MAGNO PERES;5090;PSOL;;193;0,00%;eliminado
DENILCE CRUZ;5093;PSOL;;74;0,00%;eliminado
MARIA ARRAIS;5094;PSOL;;0;0,00%;eliminado
MATEUS NOVAES;5095;PSOL;;638;0,00%;eliminado
IVANY SANCHES;5096;PSOL;;203;0,00%;eliminado
POLAKO BRAND«O;5097;PSOL;;115;0,00%;eliminado
NEIDE REGES;5098;PSOL;;313;0,00%;eliminado
RENATA OLIVEIRA;5099;PSOL;;0;0,00%;eliminado
JOAO ZAFALAO;1600;PSTU;;2.92;0,01%;eliminado
SILVIA FERRARO;1603;PSTU;;586;0,00%;eliminado
TONINHO;1616;PSTU;;6.709;0,03%;eliminado
FATIMA FERNANDES;1626;PSTU;;416;0,00%;eliminado
PAULINHO;1636;PSTU;;0;0,00%;eliminado
CLAURY;1400;PTB;;29.265;0,14%;eliminado
ALEXANDRE COSTA;1401;PTB;;1.997;0,01%;eliminado
GEORGIA ROSSI;1402;PTB;;0;0,00%;eliminado
GERALDO MAGELA QUADROS;1403;PTB;;207;0,00%;eliminado
CORONEL GOULART;1404;PTB;;2.286;0,01%;eliminado
VAMPETA;1405;PTB;;15.3;0,07%;eliminado
ERNESTO NETO;1406;PTB;;612;0,00%;eliminado
WANDA CORR“A;1407;PTB;;2.333;0,01%;eliminado
KELLY STORALLI;1408;PTB;;243;0,00%;eliminado
PAI FRANCISCO DE OXUM;1409;PTB;;941;0,00%;eliminado
NADUR;1410;PTB;;2.006;0,01%;eliminado
SANTANA;1411;PTB;;4.261;0,02%;eliminado
PIRU;1412;PTB;;976;0,00%;eliminado
ESTER;1413;PTB;;1.65;0,01%;eliminado
ROBSON TUMA;1414;PTB;;25.849;0,12%;eliminado
RICARDO OLIVEIRA;1415;PTB;;10.449;0,05%;eliminado
JORGE MARINGOLO;1416;PTB;;1.721;0,01%;eliminado
CARLINHOS SARAIVA;1417;PTB;;6.795;0,03%;eliminado
EDNA REGINA;1419;PTB;;263;0,00%;eliminado
DR SILNEY BERALDO;1420;PTB;;2.722;0,01%;eliminado
VITOR DO SUPER JOSê;1421;PTB;;1.069;0,01%;eliminado
TICO DO TRANSPORTE ESCOLAR;1422;PTB;;4.872;0,02%;eliminado
GOMES LOPES;1423;PTB;;0;0,00%;eliminado
OBAMA BRASIL;1424;PTB;;902;0,00%;eliminado
ZURAH;1426;PTB;;650;0,00%;eliminado
CLEOMENES JUNIOR;1427;PTB;;1.592;0,01%;eliminado
PROF CLAUDIO ZANUTIM;1428;PTB;;571;0,00%;eliminado
AMIRAH SABA DA METROPOLITANAFM;1430;PTB;;2.35;0,01%;eliminado
IVAN VIGILANTE;1431;PTB;;0;0,00%;eliminado
LEDA DE ABREU MORRINHOS;1432;PTB;;0;0,00%;eliminado
SINVAL DORIGON;1433;PTB;;5.634;0,03%;eliminado
NELSON MARQUEZELLI;1434;PTB;;117.634;0,55%;eleito
CARLOS BURGHI;1435;PTB;;551;0,00%;eliminado
MARCOS CRIPPA;1436;PTB;;7.57;0,04%;eliminado
FRANCISCO MESQUITA;1437;PTB;;393;0,00%;eliminado
CELSO MENDES;1438;PTB;;618;0,00%;eliminado
AUREA RODRIGUES;1439;PTB;;369;0,00%;eliminado
WALDOMIRO RAMOS;1440;PTB;;14.16;0,07%;eliminado
DR MOYSES;1441;PTB;;6.947;0,03%;eliminado
CIDA ALVES;1442;PTB;;464;0,00%;eliminado
LUIZ MIELLI;1443;PTB;;968;0,00%;eliminado
SATURNINO DE BRITO;1444;PTB;;649;0,00%;eliminado
MALU PARISI;1445;PTB;;842;0,00%;eliminado
PATRICIA RONG;1446;PTB;;216;0,00%;eliminado
BRESSAN;1447;PTB;;711;0,00%;eliminado
IRM«O TI«OZINHO SOLDADOR;1448;PTB;;825;0,00%;eliminado
WALTER HERMAN;1449;PTB;;125;0,00%;eliminado
CIGANA;1450;PTB;;487;0,00%;eliminado
SONIA CRISTIANO;1451;PTB;;1.468;0,01%;eliminado
ARNALDO FARIA DE Sµ;1452;PTB;;192.336;0,90%;eleito
TIM;1453;PTB;;1.13;0,01%;eliminado
CELIO DINIZ;1454;PTB;;16.716;0,08%;eliminado
CLAUDIA SARTORI;1455;PTB;;1.701;0,01%;eliminado
CAJAI;1457;PTB;;583;0,00%;eliminado
MADONNAKµ ê KATIA THOMê;1458;PTB;;490;0,00%;eliminado
MARADONA DO BRASIL;1459;PTB;;0;0,00%;eliminado
DR¶ NILCE SEGALLA;1460;PTB;;8.802;0,04%;eliminado
CARLOS JUNG;1461;PTB;;731;0,00%;eliminado
CHARLES CAVALCANTE;1462;PTB;;586;0,00%;eliminado
SAITO-SAN;1464;PTB;;850;0,00%;eliminado
PASTORA SUELY LOPES;1465;PTB;;737;0,00%;eliminado
WALTER CAVEANHA;1466;PTB;;18.389;0,09%;eliminado
ATOR PABLO CIVITELLA;1467;PTB;;3.438;0,02%;eliminado
TEREZINHA DE JESUS;1468;PTB;;542;0,00%;eliminado
ISRAEL LACERDA;1469;PTB;;14.984;0,07%;eliminado
FRANK AGUIAR;1470;PTB;;46.154;0,22%;eliminado
SONIA GARCIA;1471;PTB;;538;0,00%;eliminado
PASTOR JOAO ALMEIDA;1472;PTB;;2.597;0,01%;eliminado
LUCIA HELENA;1473;PTB;;173;0,00%;eliminado
DR ANDRE ROCHA;1474;PTB;;7.022;0,03%;eliminado
DR BENTO MACHADO;1475;PTB;;3.369;0,02%;eliminado
NARA ALBUQUERQUE;1476;PTB;;0;0,00%;eliminado
PADRE FERNANDO;1477;PTB;;9.693;0,05%;eliminado
EMELLY OLIVEIRA;1478;PTB;;521;0,00%;eliminado
VERONICA TAVARES;1479;PTB;;136;0,00%;eliminado
DR GIOVANNI MELONE;1480;PTB;;2.281;0,01%;eliminado
PEIXE ZONA SUL;1481;PTB;;767;0,00%;eliminado
REIZINHO;1482;PTB;;289;0,00%;eliminado
PROFESSORA FATIMA;1483;PTB;;323;0,00%;eliminado
IVAN GUALBERTO;1484;PTB;;565;0,00%;eliminado
ILDA ROMA;1485;PTB;;193;0,00%;eliminado
MARCIACLEIDE FERREIRA;1487;PTB;;205;0,00%;eliminado
DR SEGURA;1488;PTB;;5.802;0,03%;eliminado
ELIANA BORGES;1489;PTB;;435;0,00%;eliminado
CORREA NETO;1490;PTB;;1.344;0,01%;eliminado
CORACI DE PAULA;1491;PTB;;43;0,00%;eliminado
NICE DA CHINELA;1492;PTB;;377;0,00%;eliminado
VANDERLEI TRIST«O / TICO;1493;PTB;;5.756;0,03%;eliminado
PROF SERGIO MURBACK;1494;PTB;;242;0,00%;eliminado
TENENTE SêRGIO;1495;PTB;;157;0,00%;eliminado
WALTER TEODORO / ASP;1496;PTB;;364;0,00%;eliminado
DR KAMEIR«O;1498;PTB;;1.135;0,01%;eliminado
CUCA BECKER;1499;PTB;;305;0,00%;eliminado
MARC«O AUTO ESCOLA;3600;PTC;;5.691;0,03%;eliminado
ANGELA DO JUDICIARIO;3601;PTC;;304;0,00%;eliminado
GERSON PAULO;3602;PTC;;217;0,00%;eliminado
SADALA;3603;PTC;;213;0,00%;eliminado
ANA CABO;3604;PTC;;105;0,00%;eliminado
PAULO ROBERTO;3605;PTC;;70;0,00%;eliminado
EUSA BARBOSA;3606;PTC;;246;0,00%;eliminado
SERGIO SAINT;3607;PTC;;971;0,00%;eliminado
MILTON ∂NGELO;3608;PTC;;222;0,00%;eliminado
LUIZ NETO;3609;PTC;;91;0,00%;eliminado
MARCO ANTONIO CAPIVARA;3610;PTC;;525;0,00%;eliminado
EDSOM M.;3611;PTC;;650;0,00%;eliminado
DARLEY PISTORI;3612;PTC;;391;0,00%;eliminado
FABIO GUEDES;3613;PTC;;2.336;0,01%;eliminado
POMARO;3614;PTC;;418;0,00%;eliminado
MARIA MILAN;3615;PTC;;881;0,00%;eliminado
JEFFERSON TORRES;3616;PTC;;482;0,00%;eliminado
BATISTA;3617;PTC;;232;0,00%;eliminado
REGINA FERNANDEZ;3618;PTC;;107;0,00%;eliminado
ANTONIO PENHA;3619;PTC;;93;0,00%;eliminado
CIRÄO;3620;PTC;;329;0,00%;eliminado
TIA REGINA;3621;PTC;;173;0,00%;eliminado
MARIA LUIZA BOZZOLO;3622;PTC;;2.406;0,01%;eliminado
ADILSON VEN∂NCIO;3623;PTC;;429;0,00%;eliminado
PROFESSOR SAULO PONTES;3624;PTC;;374;0,00%;eliminado
KASSAB;3625;PTC;;1.092;0,01%;eliminado
ADELMAR BADECA;3626;PTC;;0;0,00%;eliminado
ARLETE LUNGOV;3627;PTC;;73;0,00%;eliminado
AUGUSTO CERDEIRINHO;3628;PTC;;496;0,00%;eliminado
BERNARDOCHI;3629;PTC;;127;0,00%;eliminado
CANDICE CRUVINEL;3630;PTC;;140;0,00%;eliminado
ORLANDO;3631;PTC;;0;0,00%;eliminado
ALFREDO SILVA NETO;3632;PTC;;709;0,00%;eliminado
CINTI;3633;PTC;;2.181;0,01%;eliminado
PADOVAN;3634;PTC;;245;0,00%;eliminado
SIRLEIVA OLIVEIRA;3635;PTC;;312;0,00%;eliminado
RONALDO ESPER;3636;PTC;;3.354;0,02%;eliminado
SARAH RAMOS;3637;PTC;;268;0,00%;eliminado
PAES DE LIRA;3638;PTC;;38.118;0,18%;eliminado
DR. AFFONSO;3639;PTC;;0;0,00%;eliminado
JAIR AVELINO;3640;PTC;;1.891;0,01%;eliminado
AGNALDO SAMPAIO;3641;PTC;;0;0,00%;eliminado
CLAUDIA LOPES;3642;PTC;;39;0,00%;eliminado
PROF. CARDY;3643;PTC;;390;0,00%;eliminado
BRANCO;3644;PTC;;1.231;0,01%;eliminado
LUIZ CARLOS VAZ DE LIMA;3645;PTC;;219;0,00%;eliminado
Zê DA ESTRADA;3646;PTC;;1.043;0,00%;eliminado
HERBERTH DE SOUZA;3647;PTC;;1.919;0,01%;eliminado
ADRIANA RENAULT;3648;PTC;;455;0,00%;eliminado
EDUARDO LORENZINI;3649;PTC;;321;0,00%;eliminado
DR. MAZZEU;3650;PTC;;8.585;0,04%;eliminado
MARTA;3651;PTC;;202;0,00%;eliminado
ANDERSON VALENTE;3652;PTC;;382;0,00%;eliminado
ROBERTO CARDOZO;3653;PTC;;668;0,00%;eliminado
JOSê HORTA;3654;PTC;;327;0,00%;eliminado
JANICE FAVARETO;3655;PTC;;290;0,00%;eliminado
ALDA;3656;PTC;;216;0,00%;eliminado
AGENTE GEAN;3657;PTC;;208;0,00%;eliminado
HELENA ALONSO;3659;PTC;;350;0,00%;eliminado
JO«O GUILHERME;3661;PTC;;257;0,00%;eliminado
CILENE;3662;PTC;;97;0,00%;eliminado
RICARDO CASTELLUCCI;3663;PTC;;403;0,00%;eliminado
MORON;3664;PTC;;0;0,00%;eliminado
LUIS CARLOS DO RX;3665;PTC;;601;0,00%;eliminado
LUC÷;3666;PTC;;256;0,00%;eliminado
ZETTI;3667;PTC;;2.005;0,01%;eliminado
JOE;3668;PTC;;375;0,00%;eliminado
GABRIEL ALCALµ;3669;PTC;;277;0,00%;eliminado
CORONEL EMILIO;3670;PTC;;571;0,00%;eliminado
JO«O CUNHA;3671;PTC;;199;0,00%;eliminado
HELEN;3672;PTC;;80;0,00%;eliminado
MARCUS VINICIUS;3673;PTC;;328;0,00%;eliminado
BINDI;3675;PTC;;471;0,00%;eliminado
PALHAÄO DUDA SHOW;3676;PTC;;129;0,00%;eliminado
PROF. CRISTIANO;3677;PTC;;1.086;0,01%;eliminado
NANI;3678;PTC;;597;0,00%;eliminado
PROFESSOR ROCHA;3679;PTC;;0;0,00%;eliminado
REVERENDO DINARTE;3680;PTC;;7.839;0,04%;eliminado
SUELI;3681;PTC;;21;0,00%;eliminado
BOMBEIRO PAULO ROBERTO;3682;PTC;;298;0,00%;eliminado
REGINALDO PERUSSI;3683;PTC;;163;0,00%;eliminado
PRFß ROBERTO ZUZA;3684;PTC;;909;0,00%;eliminado
ROGERIO MILAGRE;3685;PTC;;1.734;0,01%;eliminado
ALEXANDRE FREITHAS;3686;PTC;;519;0,00%;eliminado
ULIANI;3687;PTC;;185;0,00%;eliminado
ELZA JANONI;3688;PTC;;9.071;0,04%;eliminado
ZENAIDE;3689;PTC;;663;0,00%;eliminado
ANTONIO LORDE SOBRINHO;3690;PTC;;0;0,00%;eliminado
SERGIO MURAD;3691;PTC;;53;0,00%;eliminado
ALVARO JOSê;3692;PTC;;252;0,00%;eliminado
CHARLES;3696;PTC;;1.124;0,01%;eliminado
JEAN CARLOS;3698;PTC;;291;0,00%;eliminado
PROMOTOR ARTHUR;3699;PTC;;7.544;0,04%;eliminado
NêFI TALES;1900;PTN;;2.915;0,01%;eliminado
EMILIA;1901;PTN;;54;0,00%;eliminado
MARIA NICE;1903;PTN;;0;0,00%;eliminado
DR. OSSIAS SCHEFLER;1904;PTN;;0;0,00%;eliminado
IVANY;1905;PTN;;0;0,00%;eliminado
ELCIO PIRES;1907;PTN;;529;0,00%;eliminado
PROF¶ ANDRêA;1908;PTN;;203;0,00%;eliminado
SILAS VAZ;1909;PTN;;1.175;0,01%;eliminado
ANDRê GAETTA;1910;PTN;;337;0,00%;eliminado
MULHER P“RA;1911;PTN;;0;0,00%;eliminado
JOSê DAIZIO FERREIRA;1912;PTN;;636;0,00%;eliminado
BONIFAZI;1913;PTN;;495;0,00%;eliminado
MARIA JOSEFA;1915;PTN;;140;0,00%;eliminado
PROFß DARLECIO;1916;PTN;;713;0,00%;eliminado
LUIZINHO DO FERRO VELHO;1917;PTN;;1.032;0,00%;eliminado
LAURINDO DE OLIVEIRA;1918;PTN;;1.242;0,01%;eliminado
MAGUILA;1919;PTN;;2.951;0,01%;eliminado
TAND«O;1920;PTN;;4.983;0,02%;eliminado
WASHINGTON LUIZ;1921;PTN;;418;0,00%;eliminado
GERALDINHO;1922;PTN;;806;0,00%;eliminado
VAGNER MOURA;1923;PTN;;1.067;0,01%;eliminado
MARIA BONITA;1924;PTN;;0;0,00%;eliminado
VANDERLEI ALMEIDA;1925;PTN;;507;0,00%;eliminado
RONALDO BRITO;1926;PTN;;0;0,00%;eliminado
ORTEGA;1929;PTN;;444;0,00%;eliminado
DR. CASTRO;1933;PTN;;958;0,00%;eliminado
TIKINHO;1935;PTN;;147;0,00%;eliminado
TETRANETO DO ZUMBI DOS PALMARE;1936;PTN;;360;0,00%;eliminado
LEANDRO SANTOS;1938;PTN;;0;0,00%;eliminado
MARIA MESQUITA;1939;PTN;;220;0,00%;eliminado
REYNALDO PANELLA;1942;PTN;;222;0,00%;eliminado
ISAIAS ALVES;1944;PTN;;234;0,00%;eliminado
PROFESSOR IDALINO;1945;PTN;;906;0,00%;eliminado
JORGE ALFREDO;1946;PTN;;0;0,00%;eliminado
PRß DANIEL J. SANTOS;1947;PTN;;184;0,00%;eliminado
RUTH ARANTES;1950;PTN;;517;0,00%;eliminado
DR. JAMBERG;1951;PTN;;2;0,01%;eliminado
JOSê ARAUJO SQUANTO;1952;PTN;;0;0,00%;eliminado
CHAPêU DE COURO;1953;PTN;;143;0,00%;eliminado
MARCELO FRANCIS;1955;PTN;;218;0,00%;eliminado
LUCIANO ENêAS;1956;PTN;;0;0,00%;eliminado
CIPRIANO;1958;PTN;;0;0,00%;eliminado
PROFESSORA CLAUDETE GOMES;1959;PTN;;153;0,00%;eliminado
ELADIO DO MERCADO;1960;PTN;;548;0,00%;eliminado
DIDI;1963;PTN;;0;0,00%;eliminado
RENATA DA COM;1964;PTN;;55;0,00%;eliminado
RENATO BARROS;1965;PTN;;928;0,00%;eliminado
COSME FELIX;1966;PTN;;929;0,00%;eliminado
CAMERON BRASIL;1969;PTN;;9.964;0,05%;eliminado
GUSTAVO MORANDI;1970;PTN;;0;0,00%;eliminado
MARIA JOSê;1971;PTN;;0;0,00%;eliminado
FERNANDO PASSONI;1973;PTN;;322;0,00%;eliminado
BINLADEN;1975;PTN;;226;0,00%;eliminado
HêLIO;1977;PTN;;1.977;0,01%;eliminado
BEB“ - NHANDEARA;1979;PTN;;0;0,00%;eliminado
DRA. V∂NIA;1980;PTN;;1.527;0,01%;eliminado
NASCIMENTO;1981;PTN;;0;0,00%;eliminado
JOSê LEME;1984;PTN;;376;0,00%;eliminado
WILLIAM ROCHA;1985;PTN;;37;0,00%;eliminado
FABIANA VIEIRA DE SOUSA;1986;PTN;;0;0,00%;eliminado
RIBAMAR BEZERRA;1987;PTN;;0;0,00%;eliminado
ANSELMO;1988;PTN;;0;0,00%;eliminado
MARINALVA;1989;PTN;;392;0,00%;eliminado
DR. HILTON MORAES;1990;PTN;;1.933;0,01%;eliminado
ROBERTO JORGE;1991;PTN;;0;0,00%;eliminado
ANTONIO CLAUDIO DA RµDIO;1993;PTN;;0;0,00%;eliminado
PR¶. EXPEDITA;1996;PTN;;295;0,00%;eliminado
CARLINHOS;1999;PTN;;2.303;0,01%;eliminado
GUILHERME MUSSI;4300;PV;;98.702;0,46%;eleito
GILBERTO ABREU;4301;PV;;17.312;0,08%;eliminado
WALTER GONZALIS;4303;PV;;8.653;0,04%;eliminado
MARIAM KHALIL;4304;PV;;0;0,00%;eliminado
DR. NEVTON OLIVEIRA ROCHA;4305;PV;;1.732;0,01%;eliminado
DR TALMIR;4306;PV;;31.262;0,15%;eliminado
VICENTE DA UPA;4307;PV;;47.923;0,22%;eliminado
EDNA MARTINS;4308;PV;;28.852;0,14%;eliminado
ELIANE BOSIO;4309;PV;;343;0,00%;eliminado
RA÷;4310;PV;;2.089;0,01%;eliminado
DR. SINVAL MALHEIROS;4311;PV;;59.209;0,28%;eleito
DANIEL MARINS;4312;PV;;12.142;0,06%;eliminado
JULIO CASTILHO;4313;PV;;11.477;0,05%;eliminado
ROBERTO SANTIAGO;4315;PV;;60.18;0,28%;eleito
DR INDIO;4316;PV;;1.08;0,01%;eliminado
PESSEGATTI;4317;PV;;365;0,00%;eliminado
SAMBIASE;4318;PV;;638;0,00%;eliminado
JOCA;4319;PV;;0;0,00%;eliminado
CESAR CORTEZ;4320;PV;;13.781;0,06%;eliminado
ZICA;4321;PV;;27.994;0,13%;eliminado
CHICO SANTA RITA;4322;PV;;9.873;0,05%;eliminado
PEDRO MANH«ES;4323;PV;;22.149;0,10%;eliminado
NUBIA SENNA;4324;PV;;2.736;0,01%;eliminado
ENG PAULINHO;4325;PV;;17.326;0,08%;eliminado
HELIVANE BOTELHO DA SILVEIRA;4326;PV;;1.038;0,00%;eliminado
DEUSDEDIT JR;4327;PV;;3.843;0,02%;eliminado
VITALMO JÈNIOR;4328;PV;;925;0,00%;eliminado
ANDRê FALCON;4329;PV;;690;0,00%;eliminado
MARIA DOLORES;4330;PV;;3.097;0,01%;eliminado
JAIME ROCHA;4331;PV;;1.332;0,01%;eliminado
MARTA MACIEL;4332;PV;;788;0,00%;eliminado
JOVINO C∂NDIDO;4333;PV;;18.145;0,09%;eliminado
ANA PAULA JUNQUEIRA;4334;PV;;30.951;0,15%;eliminado
MARINO BONACCHI;4335;PV;;1.497;0,01%;eliminado
EVANDRO GUSSI;4336;PV;;55.7;0,26%;eliminado
TOFFANO;4337;PV;;45.533;0,21%;eliminado
SUELY SILVA;4338;PV;;1.637;0,01%;eliminado
FAUSTO LOPES;4339;PV;;2.972;0,01%;eliminado
ALE YOUSSEF;4340;PV;;18.562;0,09%;eliminado
MARCELO ORTIZ;4341;PV;;41.679;0,20%;eliminado
TEREZA RODRIGUES;4342;PV;;467;0,00%;eliminado
PENNA;4343;PV;;78.301;0,37%;eleito
ROBERTO DE LUCENA;4344;PV;;70.611;0,33%;eleito
DR. ∂NGELO;4345;PV;;16.815;0,08%;eliminado
PROFESSORA LALA TAVARES;4346;PV;;1.138;0,01%;eliminado
NATAN SOIHET;4347;PV;;2.718;0,01%;eliminado
ANA MARIA RODRIGUES;4348;PV;;1.091;0,01%;eliminado
ALTAIR DA ASSOCIACAO;4349;PV;;1.778;0,01%;eliminado
PAMPA;4350;PV;;7.342;0,03%;eliminado
WALTER FELIX;4351;PV;;1.562;0,01%;eliminado
JOSê ALEXANDRE RIBEIRO;4352;PV;;4.2;0,02%;eliminado
DANILO PARO;4353;PV;;1.465;0,01%;eliminado
J FARIA;4354;PV;;10.242;0,05%;eliminado
DONIZETI PEREIRA;4355;PV;;12.11;0,06%;eliminado
DEKKA;4356;PV;;4.001;0,02%;eliminado
NICE SOU A DIARISTA;4357;PV;;431;0,00%;eliminado
DRA LAURISA;4359;PV;;6.938;0,03%;eliminado
CARLINHOS SILVA;4360;PV;;12.721;0,06%;eliminado
PATRICIA DO MADA;4361;PV;;2.422;0,01%;eliminado
DR. GETÈLIO SERPA;4362;PV;;944;0,00%;eliminado
RICARDO IZAR;4363;PV;;87.347;0,41%;eleito
TERESA JAPONESA;4364;PV;;1.632;0,01%;eliminado
BERQUE;4365;PV;;7.04;0,03%;eliminado
DR. RAUL;4366;PV;;17.936;0,08%;eliminado
REGINA LAURA;4367;PV;;445;0,00%;eliminado
LAERTE MOLLETA;4368;PV;;6.352;0,03%;eliminado
LUIZA ELUF;4369;PV;;12.506;0,06%;eliminado
TECO;4370;PV;;41.703;0,20%;eliminado
DENADAI;4371;PV;;546;0,00%;eliminado
MARCOS TIBURCIO;4372;PV;;288;0,00%;eliminado
TANIA FERREIRA;4373;PV;;802;0,00%;eliminado
TURQUINHO;4374;PV;;1.457;0,01%;eliminado
DEISE NASCIMENTO;4375;PV;;868;0,00%;eliminado
HILDA MOTA;4376;PV;;0;0,00%;eliminado
VILSON ALVES;4377;PV;;43.873;0,21%;eliminado
DR. MµRCIO PAMPURI;4379;PV;;12.123;0,06%;eliminado
ANDERSON MENDONCA;4380;PV;;3.727;0,02%;eliminado
WILLIANS MARCOS;4381;PV;;626;0,00%;eliminado
SIDNEI ARANHA;4383;PV;;14.062;0,07%;eliminado
DR. SAULO;4384;PV;;4.963;0,02%;eliminado
SANDA SAMPAIO;4385;PV;;0;0,00%;eliminado
JOSE SILVêRIO;4386;PV;;651;0,00%;eliminado
PROFESSOR EVERALDO;4387;PV;;1.323;0,01%;eliminado
PROF SHIN;4388;PV;;6.067;0,03%;eliminado
AMAURY CAMARGO MONICO;4390;PV;;7.861;0,04%;eliminado
MARCELO SOARES;4391;PV;;184;0,00%;eliminado
DR. RODRIGO BARROCA;4392;PV;;462;0,00%;eliminado
EDUARDO PALHARES;4394;PV;;22.013;0,10%;eliminado
HENRIQUE NUNES;4395;PV;;35.922;0,17%;eliminado
PROF DIVANI SCHEIBE;4397;PV;;0;0,00%;eliminado
ELISABETE APARECIDA MOSQUEIRA;4398;PV;;246;0,00%;eliminado
VERA MOTTA;4399;PV;;3.232;0,02%;eliminado
