Legenda;0;PT;PRB / PT / PR / PC do B / PT do B;909448;bandeira 
Legenda;0;PSDB;PPS / DEM / PSDB;847239;bandeira
Legenda;0;PV;;438831;bandeira
Legenda;0;PC do B;PRB / PT / PR / PC do B / PT do B;101267;bandeira 
Legenda;0;PSOL;;60644;bandeira
Legenda;0;PP;;42428;bandeira  
Legenda;0;PTB;;41012;bandeira  
Legenda;0;PMDB;;31592;bandeira  
Legenda;0;PR;PRB / PT / PR / PC do B / PT do B;31455;bandeira  
Legenda;0;PDT;;30677;bandeira  
Legenda;0;DEM;PPS / DEM / PSDB;27267;bandeira  
Legenda;0;PSB;PSL / PSB;23109;bandeira  
Legenda;0;PPS;PPS / DEM / PSDB;19591;bandeira 
Legenda;0;PSTU;;12405;bandeira  
Legenda;0;PCB;;7773;bandeira  
Legenda;0;PRB;PRB / PT / PR / PC do B / PT do B;7051;bandeira  
Legenda;0;PSC;PSC / PHS;6445;bandeira  
Legenda;0;PRP;PSDC / PRTB / PRP;6057;bandeira  
Legenda;0;PSL;PSL / PSB;6035;bandeira  
Legenda;0;PMN;;4146;bandeira  
Legenda;0;PTN;;3591;bandeira 
Legenda;0;PTC;;3508;bandeira 
Legenda;0;PCO;;3363;bandeira  
Legenda;0;PHS;PSC / PHS;3044;bandeira 
Legenda;0;PT do B;PRB / PT / PR / PC do B / PT do B;2167;bandeira 
Legenda;0;PRTB;PSDC / PRTB / PRP;1980;bandeira  
Legenda;0;PSDC;PSDC / PRTB / PRP;1499;bandeira  
TIRIRICA;2222;PR;PRB / PT / PR / PC do B / PT do B;1353820;eleito
GABRIEL CHALITA;4030;PSB;PSL / PSB;560022;eleito
BRUNA FURLAN;4585;PSDB;PPS / DEM / PSDB;270661;eleito
PAULINHO DA FORÇA;1212;PDT;;267208;eleito
JOÃO PAULO CUNHA;1325;PT;PRB / PT / PR / PC do B / PT do B;255497;eleito
JILMAR TATTO;1353;PT;PRB / PT / PR / PC do B / PT do B;250467;eleito
RODRIGO GARCIA;2525;DEM;PPS / DEM / PSDB;226073;eleito
EMANUEL FERNANDES;4515;PSDB;PPS / DEM / PSDB;218789;eleito
ZARATTINI;1370;PT;PRB / PT / PR / PC do B / PT do B;216403;eleito
LUIZA ERUNDINA;4021;PSB;PSL / PSB;214114;eleito
OTA;4096;PSB;PSL / PSB;213024;eleito
MARCO FELICIANO;2010;PSC;PSC / PHS;211855;eleito
ARLINDO CHINAGLIA;1322;PT;PRB / PT / PR / PC do B / PT do B;207465;eleito
ARNALDO FARIA DE SÁ;1452;PTB;;192336;eleito
IVAN VALENTE;5050;PSOL;;189014;eleito
EDSON APARECIDO;4545;PSDB;PPS / DEM / PSDB;184403;eleito
VALDEMAR COSTA NETO;2299;PR;PRB / PT / PR / PC do B / PT do B;174826;eleito
MÁRCIO FRANÇA;4040;PSB;PSL / PSB;172005;eleito
JOSÉ ANIBAL;4586;PSDB;PPS / DEM / PSDB;170957;eleito
VAZ DE LIMA;4567;PSDB;PPS / DEM / PSDB;170777;eleito
JORGE TADEU;2500;DEM;PPS / DEM / PSDB;164650;eleito
ANTONIO BULHÕES;1010;PRB;PRB / PT / PR / PC do B / PT do B;162667;eleito
JONAS DONIZETTE;4000;PSB;PSL / PSB;162144;eleito
PR PAULO FREIRE;2233;PR;PRB / PT / PR / PC do B / PT do B;161083;eleito
MISSIONÁRIO JOSÉ OLIMPIO;1155;PP;;160813;eleito
VICENTE CANDIDO;1301;PT;PRB / PT / PR / PC do B / PT do B;160242;eleito
MARA GABRILLI;4517;PSDB;PPS / DEM / PSDB;160138;eleito
FILIPPI;1321;PT;PRB / PT / PR / PC do B / PT do B;149525;eleito
CARLOS SAMPAIO;4500;PSDB;PPS / DEM / PSDB;145585;eleito
JANETE PIETÁ;1387;PT;PRB / PT / PR / PC do B / PT do B;144529;eleito
VICENTINHO;1390;PT;PRB / PT / PR / PC do B / PT do B;141068;eleito
ARNALDO JARDIM;2345;PPS;PPS / DEM / PSDB;140641;eleito
RICARDO BERZOINI;1331;PT;PRB / PT / PR / PC do B / PT do B;140525;eleito
THAME;4577;PSDB;PPS / DEM / PSDB;139727;eleito
JOSÉ MENTOR;1332;PT;PRB / PT / PR / PC do B / PT do B;139691;eleito
DIMAS RAMALHO;2325;PPS;PPS / DEM / PSDB;139636;eleito
TRIPOLI;4565;PSDB;PPS / DEM / PSDB;134884;eleito
PAULO TEIXEIRA;1398;PT;PRB / PT / PR / PC do B / PT do B;134479;eleito
CARLINHOS ALMEIDA;1316;PT;PRB / PT / PR / PC do B / PT do B;134190;eleito
ALDO REBELO;6565;PC DO B;PRB / PT / PR / PC do B / PT do B;132109;eleito
VACCAREZZA;1312;PT;PRB / PT / PR / PC do B / PT do B;131685;eleito
MILTON MONTI;2255;PR;PRB / PT / PR / PC do B / PT do B;131654;eleito
LUIZ FERNANDO MACHADO;4547;PSDB;PPS / DEM / PSDB;129620;eleito
DEVANIR RIBEIRO;1369;PT;PRB / PT / PR / PC do B / PT do B;127952;eleito
DUARTE NOGUEIRA;4554;PSDB;PPS / DEM / PSDB;124737;eleito
ELI CORREA FILHO;2577;DEM;PPS / DEM / PSDB;124608;eleito
ROBERTO FREIRE;2323;PPS;PPS / DEM / PSDB;121471;eleito
NELSON MARQUEZELLI;1434;PTB;;117634;eleito
JEFFERSON CAMPOS;4074;PSB;PSL / PSB;116317;eleito
DIB;4525;PSDB;PPS / DEM / PSDB;113823;eleito
JULIO SEMEGHINI;4555;PSDB;PPS / DEM / PSDB;113333;eleito
JUNJI ABE;2545;DEM;PPS / DEM / PSDB;113156;eleito
ALEXANDRE LEITE;2513;DEM;PPS / DEM / PSDB;112950;eleito
GUILHERME CAMPOS;2590;DEM;PPS / DEM / PSDB;112852;eleito
VANDERLEI MACRIS;4551;PSDB;PPS / DEM / PSDB;111531;eliminado
NEWTON LIMA NETO;1318;PT;PRB / PT / PR / PC do B / PT do B;110207;eleito
DR ELEUSES PAIVA;2588;DEM;PPS / DEM / PSDB;107464;eliminado
SILVIO TORRES;4540;PSDB;PPS / DEM / PSDB;107035;eliminado
WALTER FELDMAN;4570;PSDB;PPS / DEM / PSDB;105085;eliminado
ALBERTO MOURAO;4530;PSDB;PPS / DEM / PSDB;104433;eliminado
WALTER IHOSHI;2599;DEM;PPS / DEM / PSDB;104400;eliminado
CARLOS ROBERTO;4523;PSDB;PPS / DEM / PSDB;103373;eliminado
EDINHO ARAUJO;1523;PMDB;;100195;eleito
MARCELO AGUIAR;2012;PSC;PSC / PHS;98842;eleito
GUILHERME MUSSI;4300;PV;;98702;eleito
PANNUNZIO;4526;PSDB;PPS / DEM / PSDB;96897;eliminado
OTONIEL LIMA;1023;PRB;PRB / PT / PR / PC do B / PT do B;95971;eleito
RENATO AMARY;4533;PSDB;PPS / DEM / PSDB;95089;eliminado
DELEGADO PROTÓGENES;6588;PC DO B;PRB / PT / PR / PC do B / PT do B;94906;eleito
VANDERLEI SIRAQUE;1345;PT;PRB / PT / PR / PC do B / PT do B;93314;eleito
LOBBE NETO;4512;PSDB;PPS / DEM / PSDB;93243;eliminado
GENOINO;1313;PT;PRB / PT / PR / PC do B / PT do B;92362;eliminado
LÉO OLIVEIRA;1555;PMDB;;87615;eliminado
RICARDO IZAR;4363;PV;;87347;eleito
PROFESSOR BENJAMIN;2515;DEM;PPS / DEM / PSDB;85945;eliminado
ARI FRIEDENBACH;2332;PPS;PPS / DEM / PSDB;85281;eliminado
WILLIAM WOO;2321;PPS;PPS / DEM / PSDB;83588;eliminado
PAULO LIMA;1500;PMDB;;81483;eliminado
REGIS DE OLIVEIRA;2020;PSC;PSC / PHS;80172;eliminado
JOSE ONERIO;2333;PPS;PPS / DEM / PSDB;79746;eliminado
ALINE CORREA;1133;PP;;78317;eleito
PENNA;4343;PV;;78301;eleito
JORGINHO MALULY;2511;DEM;PPS / DEM / PSDB;74452;eliminado
RICARDO MONTORO;4546;PSDB;PPS / DEM / PSDB;74213;eliminado
IARA BERNARDI;1310;PT;PRB / PT / PR / PC do B / PT do B;73517;eliminado
ARNALDO MADEIRA;4580;PSDB;PPS / DEM / PSDB;71777;eliminado
ABELARDO CAMARINHA;4070;PSB;PSL / PSB;71637;eleito
ROBERTO DE LUCENA;4344;PV;;70611;eleito
JOÃO DADO;1211;PDT;;70486;eleito
HELCIO SILVA;1315;PT;PRB / PT / PR / PC do B / PT do B;64938;eliminado
RENATO SIMÕES;1366;PT;PRB / PT / PR / PC do B / PT do B;63796;eliminado
DR. UBIALI;4080;PSB;PSL / PSB;63255;eliminado
MARCELINHO CARIOCA;4007;PSB;PSL / PSB;62399;eliminado
DELEGADA GRACIELA;1170;PP;;62225;eliminado
ROBERTO SANTIAGO;4315;PV;;60180;eleito
GUSTAVO PETTA;6510;PC DO B;PRB / PT / PR / PC do B / PT do B;60156;eliminado
DR. SINVAL MALHEIROS;4311;PV;;59209;eleito
VADÃO;1199;PP;;56277;eliminado
MARIA LUCIA PRANDI;1378;PT;PRB / PT / PR / PC do B / PT do B;56108;eliminado
EVANDRO GUSSI;4336;PV;;55700;eliminado
DRA. ELAINE;4055;PSB;PSL / PSB;55571;eliminado
CARLOS OCTAVIANI;1115;PP;;52740;eliminado
CAPITÃO AUGUSTO;4020;PSB;PSL / PSB;49216;eliminado
VICENTE DA UPA;4307;PV;;47923;eliminado
ZULAIÊ COBRA;2529;DEM;PPS / DEM / PSDB;46494;eliminado
DR NECHAR;1169;PP;;46165;eliminado
FRANK AGUIAR;1470;PTB;;46154;eliminado
DRA. ROSIANE FARIAS;4045;PSB;PSL / PSB;45862;eliminado
TOFFANO;4337;PV;;45533;eliminado
CASCIONE;2569;DEM;PPS / DEM / PSDB;45276;eliminado
VILSON ALVES;4377;PV;;43873;eliminado
SALVADOR ZIMBALDI;1250;PDT;;42743;eleito
TECO;4370;PV;;41703;eliminado
MARCELO ORTIZ;4341;PV;;41679;eliminado
NEY SANTOS;2023;PSC;PSC / PHS;40321;eliminado
EDUARDO COELHO;1515;PMDB;;40302;eliminado
MANOEL ANTUNES;1236;PDT;;40238;eliminado
CARLOS HENRIQUE;1242;PDT;;40031;eliminado
ELISEU DANIEL;1213;PDT;;39241;eliminado
PAES DE LIRA;3638;PTC;;38118;eliminado
KIKO DO KLB;2520;DEM;PPS / DEM / PSDB;38070;eliminado
DR LUIZ CHIAPARINE;1234;PDT;;37568;eliminado
ELISEU GABRIEL;4012;PSB;PSL / PSB;37564;eliminado
PROF. CARLÃO RAMIRO;1333;PT;PRB / PT / PR / PC do B / PT do B;36899;eliminado
LUCIANA COSTA;2250;PR;PRB / PT / PR / PC do B / PT do B;36873;eliminado
JOÃO FADEL;1130;PP;;36078;eliminado
HENRIQUE NUNES;4395;PV;;35922;eliminado
NELSON BUGALHO;4588;PSDB;PPS / DEM / PSDB;35581;eliminado
MEDEIROS;1230;PDT;;34904;eliminado
MANOEL GASPAR;2088;PSC;PSC / PHS;34469;eliminado
PIVATTO;1330;PT;PRB / PT / PR / PC do B / PT do B;34359;eliminado
TORINO;4025;PSB;PSL / PSB;34080;eliminado
CARLOS BRAGA;4520;PSDB;PPS / DEM / PSDB;33231;eliminado
GERSON SARTORI;1320;PT;PRB / PT / PR / PC do B / PT do B;32847;eliminado
TONIOLO;4456;PRP;PSDC / PRTB / PRP;32712;eliminado
RAUL CHRISTIANO;4511;PSDB;PPS / DEM / PSDB;31468;eliminado
DR TALMIR;4306;PV;;31262;eliminado
DRA ADRIANA DA COSTA;1143;PP;;31119;eliminado
DURVAL ORLATO;1355;PT;PRB / PT / PR / PC do B / PT do B;31114;eliminado
ANA PAULA JUNQUEIRA;4334;PV;;30951;eliminado
KAREN HEINS;1220;PDT;;30898;eliminado
NETO BELUCI;1181;PP;;29822;eliminado
CLAURY;1400;PTB;;29265;eliminado
LARGUESA;1311;PT;PRB / PT / PR / PC do B / PT do B;29168;eliminado
CRESPO;2522;DEM;PPS / DEM / PSDB;28907;eliminado
EDNA MARTINS;4308;PV;;28852;eliminado
FERNANDO CHIARELLI;1256;PDT;;28712;eliminado
FERNANDO FUAD CHUCRE;4566;PSDB;PPS / DEM / PSDB;28485;eliminado
ZICA;4321;PV;;27994;eliminado
JUNIOR APRILLANTI;6512;PC DO B;PRB / PT / PR / PC do B / PT do B;27359;eliminado
MISSIONARIA NAZARE;2002;PSC;PSC / PHS;26287;eliminado
ROBSON TUMA;1414;PTB;;25849;eliminado
CORAUCI;4041;PSB;PSL / PSB;25802;eliminado
GUSTAVO HERRMANN;4009;PSB;PSL / PSB;25703;eliminado
VALDEVAN NOVENTA;1290;PDT;;25256;eliminado
AGNALDO TIMOTEO;2212;PR;PRB / PT / PR / PC do B / PT do B;25174;eliminado
STANGARLINI;4510;PSDB;PPS / DEM / PSDB;24621;eliminado
GRAÇA;4077;PSB;PSL / PSB;24112;eliminado
SIDNEY DUTRA;3377;PMN;;23984;eliminado
TIRSO MEIRELLES;4541;PSDB;PPS / DEM / PSDB;23524;eliminado
BATORÉ;1122;PP;;23046;eliminado
PEDRO MANHÃES;4323;PV;;22149;eliminado
EDUARDO PALHARES;4394;PV;;22013;eliminado
ACIR FILÓ;1291;PDT;;20950;eliminado
CHINELO;4023;PSB;PSL / PSB;20284;eliminado
MIGUEL SAMPAIO;4099;PSB;PSL / PSB;19116;eliminado
ALE YOUSSEF;4340;PV;;18562;eliminado
WALTER CAVEANHA;1466;PTB;;18389;eliminado
JOVINO CÂNDIDO;4333;PV;;18145;eliminado
DR DAVI;3322;PMN;;17978;eliminado
DR. RAUL;4366;PV;;17936;eliminado
LINDOLFO DOS SANTOS;1255;PDT;;17610;eliminado
RAUL GIL JR;2536;DEM;PPS / DEM / PSDB;17419;eliminado
ENG PAULINHO;4325;PV;;17326;eliminado
GILBERTO ABREU;4301;PV;;17312;eliminado
PR. LUIZ LEMOS;2040;PSC;PSC / PHS;17309;eliminado
DR. SAMIR NASSBINE;1599;PMDB;;17210;eliminado
DR. ÂNGELO;4345;PV;;16815;eliminado
ROQUE FERREIRA;1328;PT;PRB / PT / PR / PC do B / PT do B;16749;eliminado
CELIO DINIZ;1454;PTB;;16716;eliminado
DR ANDRE SACCO;4535;PSDB;PPS / DEM / PSDB;16634;eliminado
CABO WILSON;1154;PP;;16517;eliminado
GILBERTO BENZI;1231;PDT;;15647;eliminado
ANGELO BARRETO;1380;PT;PRB / PT / PR / PC do B / PT do B;15409;eliminado
VAMPETA;1405;PTB;;15300;eliminado
SARGENTO SEVERO;1718;PSL;PSL / PSB;15043;eliminado
ISRAEL LACERDA;1469;PTB;;14984;eliminado
TONINHO GARMS;4050;PSB;PSL / PSB;14924;eliminado
DANIEL ROSSI;3366;PMN;;14291;eliminado
CAPITÃO GOMES;1119;PP;;14172;eliminado
WALDOMIRO RAMOS;1440;PTB;;14160;eliminado
SIDNEI ARANHA;4383;PV;;14062;eliminado
MANOEL MARCOS (MANÉ);4514;PSDB;PPS / DEM / PSDB;14060;eliminado
GILBERTO BORJA;4589;PSDB;PPS / DEM / PSDB;13895;eliminado
CESAR CORTEZ;4320;PV;;13781;eliminado
LUCIANO ARTIOLI;2530;DEM;PPS / DEM / PSDB;13648;eliminado
HIRAM JR;2560;DEM;PPS / DEM / PSDB;13550;eliminado
JORGE WILSON;1188;PP;;13498;eliminado
MAURICIO HAKA;1158;PP;;13450;eliminado
JUCA CHAVES;2200;PR;PRB / PT / PR / PC do B / PT do B;13217;eliminado
RUBINHO BASTOS;1360;PT;PRB / PT / PR / PC do B / PT do B;13149;eliminado
MARCELO MARIANO;1198;PP;;12938;eliminado
MAURICIO SOARES JUNIOR;1244;PDT;;12766;eliminado
CARLINHOS SILVA;4360;PV;;12721;eliminado
DR. ALEXANDRE;4044;PSB;PSL / PSB;12513;eliminado
LUIZA ELUF;4369;PV;;12506;eliminado
MALUCO BELEZA;3113;PHS;PSC / PHS;12304;eliminado
OSMAR LOPES;1314;PT;PRB / PT / PR / PC do B / PT do B;12292;eliminado
MARCOS CUNHA;2034;PSC;PSC / PHS;12279;eliminado
DANIEL MARINS;4312;PV;;12142;eliminado
DR. MARCELO;4550;PSDB;PPS / DEM / PSDB;12137;eliminado
DR. MÁRCIO PAMPURI;4379;PV;;12123;eliminado
DONIZETI PEREIRA;4355;PV;;12110;eliminado
FADUL;1299;PDT;;12072;eliminado
LAIR DA APAE;3356;PMN;;12018;eliminado
MARCELO PALINKAS;2526;DEM;PPS / DEM / PSDB;11954;eliminado
PROF POLLYANA GAMA;2351;PPS;PPS / DEM / PSDB;11753;eliminado
SALIM REIS;2550;DEM;PPS / DEM / PSDB;11694;eliminado
DONIZETE DA FARMACIA;3312;PMN;;11586;eliminado
JULIO CASTILHO;4313;PV;;11477;eliminado
GUSTAVO STUPP;1215;PDT;;11455;eliminado
CORONEL GILSON LOPES;2001;PSC;PSC / PHS;11304;eliminado
CORONEL EDSON SARDANO;2324;PPS;PPS / DEM / PSDB;11158;eliminado
KIM;1202;PDT;;10990;eliminado
MANDIC;2555;DEM;PPS / DEM / PSDB;10981;eliminado
APOSTOLO LEO;1777;PSL;PSL / PSB;10781;eliminado
CÉLIO TURINO;6513;PC DO B;PRB / PT / PR / PC do B / PT do B;10736;eliminado
ZÉ AMIGUINHO;4083;PSB;PSL / PSB;10615;eliminado
MARCELO CORREIA;1140;PP;;10466;eliminado
RICARDO OLIVEIRA;1415;PTB;;10449;eliminado
CHICO PELUCIO;2540;DEM;PPS / DEM / PSDB;10249;eliminado
J FARIA;4354;PV;;10242;eliminado
JANIO RIBEIRO;1358;PT;PRB / PT / PR / PC do B / PT do B;10089;eliminado
RUBENEUTON OLIVEIRA LIMA;1112;PP;;10085;eliminado
DRA DEBORA;1245;PDT;;10011;eliminado
CAMERON BRASIL;1969;PTN;;9964;eliminado
CHICO SANTA RITA;4322;PV;;9873;eliminado
PADRE FERNANDO;1477;PTB;;9693;eliminado
PAULO AFONSO;1347;PT;PRB / PT / PR / PC do B / PT do B;9640;eliminado
SAULO GOES;1225;PDT;;9288;eliminado
ELZA JANONI;3688;PTC;;9071;eliminado
PROFESSOR MOREIRA;1367;PT;PRB / PT / PR / PC do B / PT do B;8856;eliminado
DRª NILCE SEGALLA;1460;PTB;;8802;eliminado
LAYRTON INFANTE;1147;PP;;8719;eliminado
WALTER GONZALIS;4303;PV;;8653;eliminado
JOAO ARAUJO;7000;PT DO B;PRB / PT / PR / PC do B / PT do B;8637;eliminado
DR. MAZZEU;3650;PTC;;8585;eliminado
ITAMAR ALVES;1266;PDT;;8568;eliminado
NATAL SOARES;1110;PP;;8532;eliminado
DR PACHECO;2366;PPS;PPS / DEM / PSDB;8242;eliminado
IVANIO BATISTA;1300;PT;PRB / PT / PR / PC do B / PT do B;8020;eliminado
GERALDÃO;1577;PMDB;;7891;eliminado
AMAURY CAMARGO MONICO;4390;PV;;7861;eliminado
REVERENDO DINARTE;3680;PTC;;7839;eliminado
LALO;1120;PP;;7807;eliminado
INACIO JUNQUEIRA;4477;PRP;PSDC / PRTB / PRP;7729;eliminado
VALDIR ALVARENGA;4051;PSB;PSL / PSB;7710;eliminado
MARCOS CRIPPA;1436;PTB;;7570;eliminado
PROMOTOR ARTHUR;3699;PTC;;7544;eliminado
DR LÉO KAHN;1191;PP;;7396;eliminado
DR. PAULO VALENTIM;1521;PMDB;;7394;eliminado
DR. ABELHA;6500;PC DO B;PRB / PT / PR / PC do B / PT do B;7345;eliminado
PAMPA;4350;PV;;7342;eliminado
NENÊ MONTANHER;1509;PMDB;;7316;eliminado
NENÊ RÉSTIO;1510;PMDB;;7124;eliminado
BERQUE;4365;PV;;7040;eliminado
DR ANDRE ROCHA;1474;PTB;;7022;eliminado
CLEBER DELALIBERA;2007;PSC;PSC / PHS;6985;eliminado
SIRINEU BARBOSA;4599;PSDB;PPS / DEM / PSDB;6960;eliminado
VANDIR MOGNON;4060;PSB;PSL / PSB;6959;eliminado
DR MOYSES;1441;PTB;;6947;eliminado
DRA LAURISA;4359;PV;;6938;eliminado
WALTER SANDRO;4052;PSB;PSL / PSB;6879;eliminado
TUCÃO;1167;PP;;6850;eliminado
CARLINHOS SARAIVA;1417;PTB;;6795;eliminado
PEDRO ROBERTO;5041;PSOL;;6737;eliminado
TONINHO;1616;PSTU;;6709;eliminado
DR. JAIR;1535;PMDB;;6673;eliminado
ADHEMAR DE BARROS FILHO;1145;PP;;6632;eliminado
ERLON CHAVES;1210;PDT;;6571;eliminado
MARQUINHO;3311;PMN;;6530;eliminado
PAULINHO LARISSA SPOSITO;2342;PPS;PPS / DEM / PSDB;6522;eliminado
PH;1200;PDT;;6515;eliminado
UNALDO SANTOS;4056;PSB;PSL / PSB;6415;eliminado
LAERTE MOLLETA;4368;PV;;6352;eliminado
CARLOS AQUINO;1364;PT;PRB / PT / PR / PC do B / PT do B;6227;eliminado
PROFESSOR CLOVIS PINTO;4590;PSDB;PPS / DEM / PSDB;6159;eliminado
SERGIO KOBRA;1530;PMDB;;6098;eliminado
PROF SHIN;4388;PV;;6067;eliminado
TENENTE ORLANDO;2018;PSC;PSC / PHS;6004;eliminado
DR JOSÉ CLAUDIO;1104;PP;;6000;eliminado
DUDA VILELA;2031;PSC;PSC / PHS;6000;eliminado
JOÃO DA FARMÁCIA;1567;PMDB;;5989;eliminado
MARCOS TENÓRIO;1511;PMDB;;5971;eliminado
PROFESSOR JAIR BALESTRA;1302;PT;PRB / PT / PR / PC do B / PT do B;5828;eliminado
DR SEGURA;1488;PTB;;5802;eliminado
RODRIGO CHIZOLINI;5015;PSOL;;5787;eliminado
ROBERTO SIQUEIRA;1789;PSL;PSL / PSB;5757;eliminado
VANDERLEI TRISTÃO / TICO;1493;PTB;;5756;eliminado
LAURINDO BARNARDES;1127;PP;;5727;eliminado
CARLÃO FELIPE;1180;PP;;5715;eliminado
MARCÃO AUTO ESCOLA;3600;PTC;;5691;eliminado
DANIEL CALDEIRA;1700;PSL;PSL / PSB;5672;eliminado
SINVAL DORIGON;1433;PTB;;5634;eliminado
MAURÃO;2050;PSC;PSC / PHS;5519;eliminado
SARGENTO ERNALDO;1280;PDT;;5480;eliminado
MARCOS DA FOTO;2331;PPS;PPS / DEM / PSDB;5456;eliminado
RODRIGO VALVERDE;1344;PT;PRB / PT / PR / PC do B / PT do B;5429;eliminado
LELIS DA ROCHA;4522;PSDB;PPS / DEM / PSDB;5295;eliminado
RICARDO ALVAREZ;5056;PSOL;;5288;eliminado
MAURICIO MARTINS;1131;PP;;5121;eliminado
TANDÃO;1920;PTN;;4983;eliminado
DR. SAULO;4384;PV;;4963;eliminado
DR. CARALAMBOS;2067;PSC;PSC / PHS;4906;eliminado
DR MARCAO DA MANCHA;7012;PT DO B;PRB / PT / PR / PC do B / PT do B;4892;eliminado
TICO DO TRANSPORTE ESCOLAR;1422;PTB;;4872;eliminado
CAPITÃO CRIVELARI;1190;PP;;4870;eliminado
GIVALDO VIEIRA;4563;PSDB;PPS / DEM / PSDB;4860;eliminado
ARMANDO HENRIQUE;1217;PDT;;4844;eliminado
ELIAS BITENCOURT;1135;PP;;4812;eliminado
MARCOS DE PAULA;4008;PSB;PSL / PSB;4775;eliminado
TEREZINHA RONDELLI;1319;PT;PRB / PT / PR / PC do B / PT do B;4695;eliminado
ALEMÃO DA SÁUDE;4568;PSDB;PPS / DEM / PSDB;4686;eliminado
ADÃO LIMA;4016;PSB;PSL / PSB;4600;eliminado
SIDNEI MARTINS;6511;PC DO B;PRB / PT / PR / PC do B / PT do B;4570;eliminado
DANILO MIKILIM;2045;PSC;PSC / PHS;4561;eliminado
DRA. SONIA DARCH;1351;PT;PRB / PT / PR / PC do B / PT do B;4553;eliminado
FERNANDO STANCATTI;1156;PP;;4519;eliminado
WILSON COELHO;1269;PDT;;4335;eliminado
MAGAIVER;1281;PDT;;4293;eliminado
FELICIDADE;4513;PSDB;PPS / DEM / PSDB;4292;eliminado
LUIZ CARLOS GOMES;1350;PT;PRB / PT / PR / PC do B / PT do B;4280;eliminado
SANTANA;1411;PTB;;4261;eliminado
NEI;1277;PDT;;4248;eliminado
JOSÉ ALEXANDRE RIBEIRO;4352;PV;;4200;eliminado
BUCK;2058;PSC;PSC / PHS;4171;eliminado
CATARINA RIGINIK;1141;PP;;4099;eliminado
DEKKA;4356;PV;;4001;eliminado
ROGÉRIO PINTO;1335;PT;PRB / PT / PR / PC do B / PT do B;3994;eliminado
CARVALHO SALES;1501;PMDB;;3947;eliminado
TICIANO NEVES;3120;PHS;PSC / PHS;3905;eliminado
PEDRO BAPTISTINI;1222;PDT;;3875;eliminado
DEUSDEDIT JR;4327;PV;;3843;eliminado
ANDERSON MENDONCA;4380;PV;;3727;eliminado
DR. MARCIO ABBUD;4444;PRP;PSDC / PRTB / PRP;3629;eliminado
ARI BARCELLOS;2014;PSC;PSC / PHS;3567;eliminado
RODRIGO PAIXAO;5040;PSOL;;3567;eliminado
ARCELINO ARAUJO;1361;PT;PRB / PT / PR / PC do B / PT do B;3502;eliminado
ALESSANDER VIGNA;1012;PRB;PRB / PT / PR / PC do B / PT do B;3498;eliminado
LINDONBERK SILVA;3399;PMN;;3485;eliminado
ATOR PABLO CIVITELLA;1467;PTB;;3438;eliminado
RENATO GALENDI;2505;DEM;PPS / DEM / PSDB;3424;eliminado
JOSUE TOPA TUDO;1278;PDT;;3380;eliminado
DR BENTO MACHADO;1475;PTB;;3369;eliminado
SARGENTO FERNANDO;4010;PSB;PSL / PSB;3363;eliminado
PROF HERMES;3133;PHS;PSC / PHS;3359;eliminado
MANOEL MOREIRA;1123;PP;;3354;eliminado
RONALDO ESPER;3636;PTC;;3354;eliminado
JOÃO LOCO;2027;PSC;PSC / PHS;3313;eliminado
RUBINHO CAI CAI;4043;PSB;PSL / PSB;3267;eliminado
PILOTO;1239;PDT;;3255;eliminado
MOURAD;1151;PP;;3246;eliminado
OMAR;2060;PSC;PSC / PHS;3246;eliminado
TENENTE PAZ;1340;PT;PRB / PT / PR / PC do B / PT do B;3235;eliminado
VERA MOTTA;4399;PV;;3232;eliminado
PAULINHO SOBRAL;1512;PMDB;;3166;eliminado
MARIANA CONTI;5075;PSOL;;3133;eliminado
MARIA DOLORES;4330;PV;;3097;eliminado
SAMPAIO;2501;DEM;PPS / DEM / PSDB;3084;eliminado
DRA ZIRVA;1253;PDT;;3024;eliminado
FAUSTO LOPES;4339;PV;;2972;eliminado
MAGUILA;1919;PTN;;2951;eliminado
NELSINHO DA BAHIA;1235;PDT;;2929;eliminado
POPPI;4501;PSDB;PPS / DEM / PSDB;2921;eliminado
JOAO ZAFALAO;1600;PSTU;;2920;eliminado
NÉFI TALES;1900;PTN;;2915;eliminado
DOUTOR LIMA;2377;PPS;PPS / DEM / PSDB;2823;eliminado
MISA BOITO;1317;PT;PRB / PT / PR / PC do B / PT do B;2808;eliminado
MARCOS ARAUJO;4519;PSDB;PPS / DEM / PSDB;2791;eliminado
ANTONIO BUGALU;2064;PSC;PSC / PHS;2785;eliminado
NUBIA SENNA;4324;PV;;2736;eliminado
LUCAS ALBANO;3333;PMN;;2731;eliminado
DR SILNEY BERALDO;1420;PTB;;2722;eliminado
NATAN SOIHET;4347;PV;;2718;eliminado
DALVAN;2030;PSC;PSC / PHS;2704;eliminado
PEDRINHO BARACAT;1132;PP;;2689;eliminado
BARBOSA;1214;PDT;;2687;eliminado
DR. PAULO POLO;6522;PC DO B;PRB / PT / PR / PC do B / PT do B;2673;eliminado
VALDECI CHIRANHA;1388;PT;PRB / PT / PR / PC do B / PT do B;2671;eliminado
PASTOR JOAO ALMEIDA;1472;PTB;;2597;eliminado
DR. AJURICABA;1533;PMDB;;2567;eliminado
JOSE CARLOS EYMAEL;2727;PSDC;PSDC / PRTB / PRP;2563;eliminado
ADILSON RODRIGUES;5012;PSOL;;2485;eliminado
ALBINO MATOS GOMES;7090;PT DO B;PRB / PT / PR / PC do B / PT do B;2466;eliminado
PATRICIA DO MADA;4361;PV;;2422;eliminado
MARIA LUIZA BOZZOLO;3622;PTC;;2406;eliminado
JOSE EVANGELISTA;4421;PRP;PSDC / PRTB / PRP;2401;eliminado
SONRISAL;2311;PPS;PPS / DEM / PSDB;2392;eliminado
PILTON RIOS;1516;PMDB;;2391;eliminado
RAFAEL ABUD;4556;PSDB;PPS / DEM / PSDB;2360;eliminado
AMIRAH SABA DA METROPOLITANAFM;1430;PTB;;2350;eliminado
FABIO GUEDES;3613;PTC;;2336;eliminado
WANDA CORRÊA;1407;PTB;;2333;eliminado
DURVAL MORELLI;1100;PP;;2316;eliminado
DR. ELIEZER COSTA;1000;PRB;PRB / PT / PR / PC do B / PT do B;2314;eliminado
CARLINHOS;1999;PTN;;2303;eliminado
ANTONIO SANDOVAL;2017;PSC;PSC / PHS;2298;eliminado
CORONEL GOULART;1404;PTB;;2286;eliminado
DR GIOVANNI MELONE;1480;PTB;;2281;eliminado
EDSON DA PAZ (O CANTOR);1356;PT;PRB / PT / PR / PC do B / PT do B;2268;eliminado
VALDEMAR ANFRISIO;2322;PPS;PPS / DEM / PSDB;2254;eliminado
JOÃO PAULO FERRARESSO;4518;PSDB;PPS / DEM / PSDB;2245;eliminado
PROFESSORA MÁRCIA TAVARES;5055;PSOL;;2194;eliminado
CINTI;3633;PTC;;2181;eliminado
TONINHO CORREDOR;2074;PSC;PSC / PHS;2180;eliminado
BOAVENTURA;1219;PDT;;2173;eliminado
SILVIA PALMA;2022;PSC;PSC / PHS;2163;eliminado
TIÃO;4569;PSDB;PPS / DEM / PSDB;2162;eliminado
ELCIO AMANCIO;1013;PRB;PRB / PT / PR / PC do B / PT do B;2147;eliminado
HELIO SECCO;2570;DEM;PPS / DEM / PSDB;2098;eliminado
RAÍ;4310;PV;;2089;eliminado
EDER B2;1722;PSL;PSL / PSB;2072;eliminado
TONHO BAIANO;2080;PSC;PSC / PHS;2062;eliminado
TONY JUPSSON;1514;PMDB;;2044;eliminado
DONIZETI;3123;PHS;PSC / PHS;2033;eliminado
SARTORATO;3101;PHS;PSC / PHS;2028;eliminado
VALÉRIA;1598;PMDB;;2027;eliminado
ANA CRISTINA;1505;PMDB;;2025;eliminado
BEZÃO;6533;PC DO B;PRB / PT / PR / PC do B / PT do B;2009;eliminado
NADUR;1410;PTB;;2006;eliminado
ZETTI;3667;PTC;;2005;eliminado
DR. JAMBERG;1951;PTN;;2000;eliminado
ALEXANDRE COSTA;1401;PTB;;1997;eliminado
GETÚLIO DUARTE;4078;PSB;PSL / PSB;1984;eliminado
HÉLIO;1977;PTN;;1977;eliminado
PROFª Mª DOLORES;5005;PSOL;;1967;eliminado
SINIVAL;1522;PMDB;;1957;eliminado
REGINALDO PERNAMBUCANO;1362;PT;PRB / PT / PR / PC do B / PT do B;1942;eliminado
ANGINHO DOS TECLADOS;1113;PP;;1940;eliminado
DR. HILTON MORAES;1990;PTN;;1933;eliminado
HERBERTH DE SOUZA;3647;PTC;;1919;eliminado
RICARDO HOLZ;1578;PMDB;;1907;eliminado
JAIR AVELINO;3640;PTC;;1891;eliminado
JEFERSON CAMILLO;1102;PP;;1884;eliminado
JOÃO BATISTA;1329;PT;PRB / PT / PR / PC do B / PT do B;1875;eliminado
DRA. JÚLIA;5025;PSOL;;1852;eliminado
PASTOR AMAURI;2789;PSDC;PSDC / PRTB / PRP;1839;eliminado
DEBORA GODOI;3145;PHS;PSC / PHS;1825;eliminado
ALTAIR DA ASSOCIACAO;4349;PV;;1778;eliminado
JORNALISTA PITTON;4035;PSB;PSL / PSB;1764;eliminado
DENNYS SERRANO;4004;PSB;PSL / PSB;1758;eliminado
MARZENI;5060;PSOL;;1758;eliminado
PRICILA MENIN;1187;PP;;1754;eliminado
CACIQUE DARÃ;3131;PHS;PSC / PHS;1749;eliminado
DR ANAMARIA HIRAKAWA;3103;PHS;PSC / PHS;1736;eliminado
FRANCISCO GREGORIO;4412;PRP;PSDC / PRTB / PRP;1734;eliminado
ROGERIO MILAGRE;3685;PTC;;1734;eliminado
DR. NEVTON OLIVEIRA ROCHA;4305;PV;;1732;eliminado
JORGE MARINGOLO;1416;PTB;;1721;eliminado
CLERISTON VALLE;1557;PMDB;;1719;eliminado
EDGAR EDUCACAO;2310;PPS;PPS / DEM / PSDB;1710;eliminado
CLAUDIA SARTORI;1455;PTB;;1701;eliminado
ANDRE DO J. CÉLIO;5027;PSOL;;1698;eliminado
MARTAN;1218;PDT;;1677;eliminado
SANAZAR;1118;PP;;1653;eliminado
ESTER;1413;PTB;;1650;eliminado
BENEH SANTOS;6535;PC DO B;PRB / PT / PR / PC do B / PT do B;1646;eliminado
SUELY SILVA;4338;PV;;1637;eliminado
TERESA JAPONESA;4364;PV;;1632;eliminado
LUIZ SOARES;1040;PRB;PRB / PT / PR / PC do B / PT do B;1621;eliminado
NILZÃO ART;4069;PSB;PSL / PSB;1620;eliminado
JAMIL PRUDENCIANO;5000;PSOL;;1603;eliminado
CLEOMENES JUNIOR;1427;PTB;;1592;eliminado
THIAGO FLORIO;5073;PSOL;;1589;eliminado
WALTER FELIX;4351;PV;;1562;eliminado
JOÃO LIGEIRO;3155;PHS;PSC / PHS;1556;eliminado
ZÉ CRI;4433;PRP;PSDC / PRTB / PRP;1539;eliminado
DRA. VÂNIA;1980;PTN;;1527;eliminado
TERESA SERRANO;4543;PSDB;PPS / DEM / PSDB;1518;eliminado
ERIVAN;1160;PP;;1517;eliminado
ODECIO BRAGA;2551;DEM;PPS / DEM / PSDB;1514;eliminado
SAMUEL LUCAS;3379;PMN;;1507;eliminado
MARINO BONACCHI;4335;PV;;1497;eliminado
SONIA CRISTIANO;1451;PTB;;1468;eliminado
DANILO PARO;4353;PV;;1465;eliminado
FERNANDO;3355;PMN;;1462;eliminado
QUEIROZ PIRIQUITA;2042;PSC;PSC / PHS;1457;eliminado
TURQUINHO;4374;PV;;1457;eliminado
MORATO;1569;PMDB;;1455;eliminado
ANIZIO BATISTA;5068;PSOL;;1453;eliminado
CLAUDIO SABINO;1142;PP;;1450;eliminado
PAULO BASSOLI;1136;PP;;1395;eliminado
TCEL JULIO LEMOS;1108;PP;;1391;eliminado
JORGE PERES;4445;PRP;PSDC / PRTB / PRP;1365;eliminado
PABLIO REBESSI;1571;PMDB;;1347;eliminado
CORREA NETO;1490;PTB;;1344;eliminado
BOCA NERVOSA;1550;PMDB;;1342;eliminado
JAIME ROCHA;4331;PV;;1332;eliminado
PROFESSOR EVERALDO;4387;PV;;1323;eliminado
CIDÃO EVANGELISTA;4048;PSB;PSL / PSB;1318;eliminado
INDIO TERENA;1270;PDT;;1318;eliminado
RINALDO;1566;PMDB;;1313;eliminado
PADRE PEDRO;6555;PC DO B;PRB / PT / PR / PC do B / PT do B;1311;eliminado
FABIO DO PSOL;5018;PSOL;;1302;eliminado
AKIKO AKI;5020;PSOL;;1301;eliminado
ADELINA ALCANTARA MACHADO;1124;PP;;1300;eliminado
GISON SOARES;2015;PSC;PSC / PHS;1300;eliminado
PAULO ROGÉRIO MARTINS;4033;PSB;PSL / PSB;1285;eliminado
CALIXTO;3180;PHS;PSC / PHS;1269;eliminado
DR. ALMÉRIO;1503;PMDB;;1268;eliminado
NEGRAO;3306;PMN;;1258;eliminado
DR. CÉSAR;1568;PMDB;;1252;eliminado
LUCAS ANTUNES;1044;PRB;PRB / PT / PR / PC do B / PT do B;1243;eliminado
LAURINDO DE OLIVEIRA;1918;PTN;;1242;eliminado
ADEMIR É FEDERAL;5053;PSOL;;1237;eliminado
RAFAEL MOYA;5001;PSOL;;1236;eliminado
LIMA JUNIOR;1525;PMDB;;1233;eliminado
BRANCO;3644;PTC;;1231;eliminado
DEDÉ;3188;PHS;PSC / PHS;1227;eliminado
MARCELO MADRUGA;3331;PMN;;1219;eliminado
PEDRINHO ISHIDA;1161;PP;;1211;eliminado
LEO;2055;PSC;PSC / PHS;1206;eliminado
ELIANA MORAES;1348;PT;PRB / PT / PR / PC do B / PT do B;1200;eliminado
CRISTIANO PEDRO;3345;PMN;;1194;eliminado
FERNANDO BORGES;5034;PSOL;;1188;eliminado
MARCOS NEBLINA;3169;PHS;PSC / PHS;1177;eliminado
SILAS VAZ;1909;PTN;;1175;eliminado
SIMONE GOMES;2068;PSC;PSC / PHS;1164;eliminado
VANDERLEI JUELI;1502;PMDB;;1164;eliminado
ANTENOR TOKO;2355;PPS;PPS / DEM / PSDB;1154;eliminado
DOUTORA SUZANA GOMES;2085;PSC;PSC / PHS;1138;eliminado
PROFESSORA LALA TAVARES;4346;PV;;1138;eliminado
DR KAMEIRÃO;1498;PTB;;1135;eliminado
TIM;1453;PTB;;1130;eliminado
CHARLES;3696;PTC;;1124;eliminado
WILSON;3321;PMN;;1094;eliminado
KASSAB;3625;PTC;;1092;eliminado
ANA MARIA RODRIGUES;4348;PV;;1091;eliminado
PROF. CRISTIANO;3677;PTC;;1086;eliminado
DR INDIO;4316;PV;;1080;eliminado
DR.CARLOS FARIA;2025;PSC;PSC / PHS;1069;eliminado
VITOR DO SUPER JOSÉ;1421;PTB;;1069;eliminado
VAGNER MOURA;1923;PTN;;1067;eliminado
NHA NHA;1207;PDT;;1065;eliminado
HELTON BASTOS;5070;PSOL;;1060;eliminado
JOSE LUIZ;4507;PSDB;PPS / DEM / PSDB;1051;eliminado
ZÉ DA ESTRADA;3646;PTC;;1043;eliminado
HELIVANE BOTELHO DA SILVEIRA;4326;PV;;1038;eliminado
LUIZINHO DO FERRO VELHO;1917;PTN;;1032;eliminado
JOÃO SARACENI;1580;PMDB;;1024;eliminado
WAGNER FIOROTTO;2028;PSC;PSC / PHS;1018;eliminado
CABRAL DOS QUIMICOS;5007;PSOL;;1011;eliminado
CRIS CABRAL OU CRISTINA CABRAL;3313;PMN;;1002;eliminado
ANIVALDO;5011;PSOL;;1001;eliminado
DR. LEONARDO LOURENÇO;2037;PSC;PSC / PHS;985;eliminado
DR. ANTONIO BUSSOLETTI;4014;PSB;PSL / PSB;979;eliminado
PIRU;1412;PTB;;976;eliminado
DR. SANDOVAL;2066;PSC;PSC / PHS;973;eliminado
SERGIO SAINT;3607;PTC;;971;eliminado
CHICO NETO;2013;PSC;PSC / PHS;969;eliminado
LUIZ MIELLI;1443;PTB;;968;eliminado
DR. CASTRO;1933;PTN;;958;eliminado
IRMÃO JOÃO NOGUEIRA;4011;PSB;PSL / PSB;957;eliminado
DRA CELIA MARIA;1116;PP;;952;eliminado
BONFÁ;1513;PMDB;;948;eliminado
NOBEL SOARES DE OLIVEIRA;5081;PSOL;;947;eliminado
DR. GETÚLIO SERPA;4362;PV;;944;eliminado
LEONEL NA HORA;1542;PMDB;;943;eliminado
PAI FRANCISCO DE OXUM;1409;PTB;;941;eliminado
ROSANA STAR;1024;PRB;PRB / PT / PR / PC do B / PT do B;934;eliminado
CICERO DO POSTO;5021;PSOL;;933;eliminado
COSME FELIX;1966;PTN;;929;eliminado
RENATO BARROS;1965;PTN;;928;eliminado
VITALMO JÚNIOR;4328;PV;;925;eliminado
PASTOR CRISTIAN;2712;PSDC;PSDC / PRTB / PRP;919;eliminado
PEDRO VIVIANI;3363;PMN;;918;eliminado
GLEDSON TIGRÃO;1766;PSL;PSL / PSB;914;eliminado
PRFº ROBERTO ZUZA;3684;PTC;;909;eliminado
PROFESSOR IDALINO;1945;PTN;;906;eliminado
JOAO SILVERIO;5014;PSOL;;904;eliminado
OBAMA BRASIL;1424;PTB;;902;eliminado
EDUARDO NASCIMENTO;1232;PDT;;901;eliminado
PROF. CHARLES;1091;PRB;PRB / PT / PR / PC do B / PT do B;899;eliminado
DR RONALDO BRESCIANI;1377;PT;PRB / PT / PR / PC do B / PT do B;886;eliminado
EZEQUIEL SOUZA;2877;PRTB;PSDC / PRTB / PRP;884;eliminado
MISSIONÁRIA CICERA BEZERRA;1103;PP;;884;eliminado
MARIA MILAN;3615;PTC;;881;eliminado
RENE DO RAP;2075;PSC;PSC / PHS;877;eliminado
TIO DO DOCE;4022;PSB;PSL / PSB;872;eliminado
ROLEMBERG;1545;PMDB;;869;eliminado
DEISE NASCIMENTO;4375;PV;;868;eliminado
O POLITIZADOR DO BRASIL;3367;PMN;;868;eliminado
CARLITO VIANA;1206;PDT;;862;eliminado
MOACYR FERNANDES;2099;PSC;PSC / PHS;858;eliminado
NEIDE TAMEIRÃO;4079;PSB;PSL / PSB;857;eliminado
CARLOS ROCHA;5079;PSOL;;855;eliminado
SAITO-SAN;1464;PTB;;850;eliminado
PROFESSOR MUNHOZ;4455;PRP;PSDC / PRTB / PRP;849;eliminado
FRANCIA;2813;PRTB;PSDC / PRTB / PRP;847;eliminado
MALU PARISI;1445;PTB;;842;eliminado
WELLINGTON DELFIOL;1712;PSL;PSL / PSB;841;eliminado
FARMACEUTICO WAGNER;2766;PSDC;PSDC / PRTB / PRP;837;eliminado
LEONARDO;2777;PSDC;PSDC / PRTB / PRP;828;eliminado
WILSON FOCÁSSIO;4411;PRP;PSDC / PRTB / PRP;826;eliminado
IRMÃO TIÃOZINHO SOLDADOR;1448;PTB;;825;eliminado
IVONE DO CLUBE DE CAMPO;4029;PSB;PSL / PSB;809;eliminado
GERALDINHO;1922;PTN;;806;eliminado
FARIA LIMA;1197;PP;;804;eliminado
TANIA FERREIRA;4373;PV;;802;eliminado
TUNAI;1307;PT;PRB / PT / PR / PC do B / PT do B;799;eliminado
PROFESSOR SAULO CARVALHO;5006;PSOL;;797;eliminado
JOSÉ TEOFILO;1011;PRB;PRB / PT / PR / PC do B / PT do B;788;eliminado
MARTA MACIEL;4332;PV;;788;eliminado
TYLDE DO CÉLIO CLETO;2019;PSC;PSC / PHS;785;eliminado
SARGENTO DARCY;1203;PDT;;782;eliminado
EVANGELISTA MACEDO;1780;PSL;PSL / PSB;779;eliminado
CASSIO WATANABE;1701;PSL;PSL / PSB;775;eliminado
CÉSAR CRUZ GARCIA;1001;PRB;PRB / PT / PR / PC do B / PT do B;767;eliminado
PEIXE ZONA SUL;1481;PTB;;767;eliminado
RENATO REICHANN;1121;PP;;753;eliminado
DONA HILDA SEM ESCOLA;2061;PSC;PSC / PHS;747;eliminado
NATALIA COSTA PIMENTA;2929;PCO;;745;eliminado
CANTORA LEA DE ARAUJO;1747;PSL;PSL / PSB;739;eliminado
CASTANHO;1520;PMDB;;737;eliminado
PASTORA SUELY LOPES;1465;PTB;;737;eliminado
MINEIRINHO;7040;PT DO B;PRB / PT / PR / PC do B / PT do B;732;eliminado
CARLOS JUNG;1461;PTB;;731;eliminado
PASTOR MARCOS MOTOLO;1137;PP;;727;eliminado
TEO CHINAIA;2071;PSC;PSC / PHS;726;eliminado
TOM;1305;PT;PRB / PT / PR / PC do B / PT do B;720;eliminado
JOAO ALCANTARA;3320;PMN;;717;eliminado
MARIO YAMASHITA;1178;PP;;714;eliminado
PROFº DARLECIO;1916;PTN;;713;eliminado
CARLOS FERNANDO;2772;PSDC;PSDC / PRTB / PRP;712;eliminado
DIRCEU CARDOSO;4066;PSB;PSL / PSB;712;eliminado
BRESSAN;1447;PTB;;711;eliminado
REINALDO;1349;PT;PRB / PT / PR / PC do B / PT do B;710;eliminado
ALFREDO SILVA NETO;3632;PTC;;709;eliminado
LUCIA SANTUCCI;4528;PSDB;PPS / DEM / PSDB;705;eliminado
CICERO FERNANDES;2033;PSC;PSC / PHS;701;eliminado
PROFESSOR CARLOS DATOVO;5003;PSOL;;700;eliminado
EVANDRO MEIRA;1590;PMDB;;698;eliminado
PROFESSOR VALDIR VERISSIMO;2399;PPS;PPS / DEM / PSDB;696;eliminado
ANDRÉ FALCON;4329;PV;;690;eliminado
ROGÉRIO EMÍLIO;4003;PSB;PSL / PSB;689;eliminado
ARIADNE LIBERATO;5031;PSOL;;684;eliminado
RAMALHAO;5065;PSOL;;678;eliminado
PROFESSOR FERNANDO;2808;PRTB;PSDC / PRTB / PRP;677;eliminado
RENATO AMORIM;1126;PP;;677;eliminado
MAURICIO "TCHÊ DA TORRE";1152;PP;;671;eliminado
RICARDO LEITE;2086;PSC;PSC / PHS;670;eliminado
ROBERTO CARDOZO;3653;PTC;;668;eliminado
MARIO CONCEIÇÃO;5066;PSOL;;665;eliminado
MISSIONÁRIA NÉIA SANCHES;1737;PSL;PSL / PSB;664;eliminado
OZEAS FELINTO;2097;PSC;PSC / PHS;664;eliminado
ZENAIDE;3689;PTC;;663;eliminado
PAULA CASTRO;2024;PSC;PSC / PHS;652;eliminado
PAULO DONATO;1736;PSL;PSL / PSB;652;eliminado
JOSE SILVÉRIO;4386;PV;;651;eliminado
EDSOM M.;3611;PTC;;650;eliminado
ZURAH;1426;PTB;;650;eliminado
JULIANO ROCHA;5083;PSOL;;649;eliminado
SATURNINO DE BRITO;1444;PTB;;649;eliminado
JORVINA NAVARRO;4402;PRP;PSDC / PRTB / PRP;648;eliminado
CLAUDIO CINQUENTÃO;1595;PMDB;;642;eliminado
MATEUS NOVAES;5095;PSOL;;638;eliminado
SAMBIASE;4318;PV;;638;eliminado
JOSÉ DAIZIO FERREIRA;1912;PTN;;636;eliminado
PAULA AGUIAR;1106;PP;;635;eliminado
EDSON REIS;1173;PP;;634;eliminado
DEF.BIODIESEL-SILASEDUARDOINKE;1238;PDT;;633;eliminado
JOSÉ EDIVALDO CARDOZO;1767;PSL;PSL / PSB;628;eliminado
PAULINHO DO GUINCHO;1589;PMDB;;626;eliminado
WILLIANS MARCOS;4381;PV;;626;eliminado
ENGENHEIRO CLÁUDIO;4042;PSB;PSL / PSB;622;eliminado
CELSO MENDES;1438;PTB;;618;eliminado
DOUGLAS MOREIRA;1393;PT;PRB / PT / PR / PC do B / PT do B;616;eliminado
LOURIVAL - NENO;3301;PMN;;616;eliminado
ERNESTO NETO;1406;PTB;;612;eliminado
WALTER MELLO;4502;PSDB;PPS / DEM / PSDB;606;eliminado
LUIS CARLOS DO RX;3665;PTC;;601;eliminado
NANI;3678;PTC;;597;eliminado
VICENTE CAPRINO;4090;PSB;PSL / PSB;595;eliminado
DR. ANTONIO;2029;PSC;PSC / PHS;594;eliminado
CHARLES CAVALCANTE;1462;PTB;;586;eliminado
SILVIA FERRARO;1603;PSTU;;586;eliminado
ERO;1045;PRB;PRB / PT / PR / PC do B / PT do B;584;eliminado
PROFESSORA PATRICIA;5035;PSOL;;584;eliminado
CAJAI;1457;PTB;;583;eliminado
NELSON OLIVEIRA;5042;PSOL;;579;eliminado
RATINHO;1030;PRB;PRB / PT / PR / PC do B / PT do B;572;eliminado
CORONEL EMILIO;3670;PTC;;571;eliminado
PROF CLAUDIO ZANUTIM;1428;PTB;;571;eliminado
LINDOMAR DE OLIVEIRA;2313;PPS;PPS / DEM / PSDB;567;eliminado
IVAN GUALBERTO;1484;PTB;;565;eliminado
PRª ADRIANA;2041;PSC;PSC / PHS;558;eliminado
WILSON TRINDADE;3177;PHS;PSC / PHS;558;eliminado
JANDUHY ALENCAR;5036;PSOL;;554;eliminado
MIGUEL SILVA;3161;PHS;PSC / PHS;554;eliminado
RODNEY;4015;PSB;PSL / PSB;554;eliminado
CARLOS BURGHI;1435;PTB;;551;eliminado
ELADIO DO MERCADO;1960;PTN;;548;eliminado
DENADAI;4371;PV;;546;eliminado
TEREZINHA DE JESUS;1468;PTB;;542;eliminado
SONIA GARCIA;1471;PTB;;538;eliminado
WILSON DIAS;1581;PMDB;;534;eliminado
JORGE CUNHA;4422;PRP;PSDC / PRTB / PRP;531;eliminado
ELCIO PIRES;1907;PTN;;529;eliminado
MARCO ANTONIO CAPIVARA;3610;PTC;;525;eliminado
PROF. NETO;5022;PSOL;;523;eliminado
RUY RODRIGUES DE SOUZA;3371;PMN;;523;eliminado
REGA;1551;PMDB;;522;eliminado
EMELLY OLIVEIRA;1478;PTB;;521;eliminado
MÁRCIA LIMA;4001;PSB;PSL / PSB;521;eliminado
ALEXANDRE FREITHAS;3686;PTC;;519;eliminado
MIRO FERNANDES;2051;PSC;PSC / PHS;518;eliminado
SAMUEL SHAEL;2016;PSC;PSC / PHS;518;eliminado
RUTH ARANTES;1950;PTN;;517;eliminado
VANDERLEI ALMEIDA;1925;PTN;;507;eliminado
DA SILVA SANTOS;4062;PSB;PSL / PSB;506;eliminado
JOSÉ CARLOS;1585;PMDB;;505;eliminado
DIEGO MARTINS;1517;PMDB;;497;eliminado
DR. CLÓVIS;4064;PSB;PSL / PSB;497;eliminado
AUGUSTO CERDEIRINHO;3628;PTC;;496;eliminado
IVAN O TERRIVEL;4440;PRP;PSDC / PRTB / PRP;496;eliminado
BONIFAZI;1913;PTN;;495;eliminado
MAURO SANTOS;2070;PSC;PSC / PHS;494;eliminado
CAMILA FERNANDA;1721;PSL;PSL / PSB;491;eliminado
MADONNAKÁ É KATIA THOMÉ;1458;PTB;;490;eliminado
CIGANA;1450;PTB;;487;eliminado
EDSON PENNA;4005;PSB;PSL / PSB;485;eliminado
MARIO SHIBATA;4034;PSB;PSL / PSB;484;eliminado
JEFFERSON TORRES;3616;PTC;;482;eliminado
BADYNHO;1724;PSL;PSL / PSB;474;eliminado
PROF. HOMERO GOMES;4081;PSB;PSL / PSB;474;eliminado
MAURICIO PESSOA;3310;PMN;;473;eliminado
BINDI;3675;PTC;;471;eliminado
TEREZA RODRIGUES;4342;PV;;467;eliminado
CIDA ALVES;1442;PTB;;464;eliminado
DR. RODRIGO BARROCA;4392;PV;;462;eliminado
INDIA;1540;PMDB;;462;eliminado
PÉ VERMELHO;1524;PMDB;;460;eliminado
ADRIANA RENAULT;3648;PTC;;455;eliminado
JOHN KENNEDY;5052;PSOL;;454;eliminado
TELLES;1139;PP;;454;eliminado
BIMBA;3151;PHS;PSC / PHS;451;eliminado
CORONEL EX GAMA SANTOS;1547;PMDB;;449;eliminado
MAISENA;2098;PSC;PSC / PHS;449;eliminado
ROSEMAR BARACK OBAMA;2036;PSC;PSC / PHS;448;eliminado
ERIC NUNES;5033;PSOL;;446;eliminado
REGINA LAURA;4367;PV;;445;eliminado
ORTEGA;1929;PTN;;444;eliminado
VALDO DOMINGOS;1570;PMDB;;439;eliminado
MAGDA ZAMAT;4046;PSB;PSL / PSB;438;eliminado
DÉ;3163;PHS;PSC / PHS;437;eliminado
TIGRE;4087;PSB;PSL / PSB;436;eliminado
ELIANA BORGES;1489;PTB;;435;eliminado
NICE SOU A DIARISTA;4357;PV;;431;eliminado
FÁBIO GALAN;3190;PHS;PSC / PHS;430;eliminado
ADILSON VENÂNCIO;3623;PTC;;429;eliminado
PASTOR VALQUIRIO;1786;PSL;PSL / PSB;425;eliminado
DR MARIO;1208;PDT;;424;eliminado
LAZARO;1528;PMDB;;424;eliminado
GERSON DO BASQUETE;2006;PSC;PSC / PHS;419;eliminado
POMARO;3614;PTC;;418;eliminado
WASHINGTON LUIZ;1921;PTN;;418;eliminado
FATIMA FERNANDES;1626;PSTU;;416;eliminado
SILVIO NUNES FONSECA;2383;PPS;PPS / DEM / PSDB;412;eliminado
CLAUDEMIR VIGILANTE;3338;PMN;;410;eliminado
RICARDO CASTELLUCCI;3663;PTC;;403;eliminado
MARIO VIEIRA;3150;PHS;PSC / PHS;398;eliminado
FRANCISCO MESQUITA;1437;PTB;;393;eliminado
MARINALVA;1989;PTN;;392;eliminado
DARLEY PISTORI;3612;PTC;;391;eliminado
PROF. CARDY;3643;PTC;;390;eliminado
GERALDINHO O ILUMINADO;1309;PT;PRB / PT / PR / PC do B / PT do B;386;eliminado
CARMEM FRANCO;4049;PSB;PSL / PSB;384;eliminado
PROFESSORA RITA;5061;PSOL;;383;eliminado
ANDERSON VALENTE;3652;PTC;;382;eliminado
TATI ESPONTONE;4039;PSB;PSL / PSB;381;eliminado
NICE DA CHINELA;1492;PTB;;377;eliminado
JOSÉ LEME;1984;PTN;;376;eliminado
JOE;3668;PTC;;375;eliminado
APOSTOLOS GREGO;2775;PSDC;PSDC / PRTB / PRP;374;eliminado
PROFESSOR SAULO PONTES;3624;PTC;;374;eliminado
JOSÉ RICARDO;1561;PMDB;;372;eliminado
LABATTI;2722;PSDC;PSDC / PRTB / PRP;372;eliminado
PAULO FERREIRA;4488;PRP;PSDC / PRTB / PRP;370;eliminado
AUREA RODRIGUES;1439;PTB;;369;eliminado
FAUSTO NETO;5028;PSOL;;367;eliminado
PESSEGATTI;4317;PV;;365;eliminado
WALTER TEODORO / ASP;1496;PTB;;364;eliminado
MARQUINHO GUERRA;3117;PHS;PSC / PHS;360;eliminado
TETRANETO DO ZUMBI DOS PALMARE;1936;PTN;;360;eliminado
JOSE DE SOUSA;3199;PHS;PSC / PHS;356;eliminado
ANGELO COIADO;2730;PSDC;PSDC / PRTB / PRP;355;eliminado
PROFESSOR MIGUEL;1713;PSL;PSL / PSB;355;eliminado
PROFESSOR RODRIGO;3178;PHS;PSC / PHS;355;eliminado
PROFESSORA LEONICE;2720;PSDC;PSDC / PRTB / PRP;355;eliminado
ANTONIO SEVERINO;3315;PMN;;353;eliminado
HELENA ALONSO;3659;PTC;;350;eliminado
ZENI;5082;PSOL;;349;eliminado
SANTO PETRONI;4053;PSB;PSL / PSB;348;eliminado
DIAS DO TOLDO;3182;PHS;PSC / PHS;347;eliminado
ELIANE BOSIO;4309;PV;;343;eliminado
ANDRÉ GAETTA;1910;PTN;;337;eliminado
JB SILVA;1565;PMDB;;337;eliminado
VALDEMAR VALENTIN;5051;PSOL;;337;eliminado
A. TRIUNFO AVELLAR;1583;PMDB;;335;eliminado
ANA CATTAN;3334;PMN;;332;eliminado
SILVIA MARIA;1166;PP;;332;eliminado
CIRÇO;3620;PTC;;329;eliminado
OSMAR VILELA;5045;PSOL;;329;eliminado
MARCUS VINICIUS;3673;PTC;;328;eliminado
JOSÉ HORTA;3654;PTC;;327;eliminado
PROFESSOR ROBERTO CARLOS;5016;PSOL;;325;eliminado
PROFESSORA FATIMA;1483;PTB;;323;eliminado
FERNANDO PASSONI;1973;PTN;;322;eliminado
EDUARDO LORENZINI;3649;PTC;;321;eliminado
REV. WAGNER MOURA;2005;PSC;PSC / PHS;321;eliminado
VALDIR MOREIRA;2833;PRTB;PSDC / PRTB / PRP;319;eliminado
EMIDIO SANTANA;1552;PMDB;;316;eliminado
SANDRA KUROKI;2069;PSC;PSC / PHS;316;eliminado
SERGIO CABEÇA;5085;PSOL;;316;eliminado
PROF. WATASE;1055;PRB;PRB / PT / PR / PC do B / PT do B;315;eliminado
ELISEU SOARES;5049;PSOL;;313;eliminado
JOAO LOURENCO;3398;PMN;;313;eliminado
NEIDE REGES;5098;PSOL;;313;eliminado
SIRLEIVA OLIVEIRA;3635;PTC;;312;eliminado
RAMIRO;4061;PSB;PSL / PSB;309;eliminado
GILMAR XAVIER;3314;PMN;;308;eliminado
CUCA BECKER;1499;PTB;;305;eliminado
ANGELA DO JUDICIARIO;3601;PTC;;304;eliminado
CREUSA LIMA;5002;PSOL;;303;eliminado
EDSON MACIEL;5063;PSOL;;303;eliminado
CINTRA;3337;PMN;;300;eliminado
BOMBEIRO PAULO ROBERTO;3682;PTC;;298;eliminado
MARCIA MORAES;2700;PSDC;PSDC / PRTB / PRP;297;eliminado
SILENE DE ALMEIDA;4059;PSB;PSL / PSB;296;eliminado
PRª. EXPEDITA;1996;PTN;;295;eliminado
JEAN CARLOS;3698;PTC;;291;eliminado
JOSÉ DE ANCHIETA;1519;PMDB;;291;eliminado
JANICE FAVARETO;3655;PTC;;290;eliminado
REIZINHO;1482;PTB;;289;eliminado
GILBERTO LOPES;1259;PDT;;288;eliminado
MARCOS TIBURCIO;4372;PV;;288;eliminado
RONALDO CEZAR;3160;PHS;PSC / PHS;287;eliminado
AUREA PARANHOS;1105;PP;;286;eliminado
CELIA PERCEVALLI;3309;PMN;;281;eliminado
ANDRE LUIZ;4457;PRP;PSDC / PRTB / PRP;280;eliminado
FRANCISCO SOUZA;3344;PMN;;280;eliminado
MÍRIAM MARTINS;4071;PSB;PSL / PSB;278;eliminado
GABRIEL ALCALÁ;3669;PTC;;277;eliminado
DANILO DE SAÚDE;4085;PSB;PSL / PSB;274;eliminado
PRIMO ANTUNES;4419;PRP;PSDC / PRTB / PRP;274;eliminado
ROSELI QUEIROZ;5067;PSOL;;271;eliminado
RENATO KRONKA;4018;PSB;PSL / PSB;268;eliminado
SARAH RAMOS;3637;PTC;;268;eliminado
EDNA REGINA;1419;PTB;;263;eliminado
HENRIQUE PADOVANI;5037;PSOL;;262;eliminado
TERESA COSTA;5019;PSOL;;262;eliminado
PROFESSOR DOUGLAS CARBONNE;1750;PSL;PSL / PSB;259;eliminado
CIDA SANTANA;4057;PSB;PSL / PSB;258;eliminado
ALEXANDRE DUARTE;2077;PSC;PSC / PHS;257;eliminado
JOÃO GUILHERME;3661;PTC;;257;eliminado
LUCÍ;3666;PTC;;256;eliminado
COCADINHA CRUZ;7020;PT DO B;PRB / PT / PR / PC do B / PT do B;253;eliminado
ALVARO JOSÉ;3692;PTC;;252;eliminado
BEBÊ;2723;PSDC;PSDC / PRTB / PRP;250;eliminado
LEO IZIDORO;3323;PMN;;249;eliminado
ELISABETE APARECIDA MOSQUEIRA;4398;PV;;246;eliminado
EUSA BARBOSA;3606;PTC;;246;eliminado
PADOVAN;3634;PTC;;245;eliminado
MACEDO;2781;PSDC;PSDC / PRTB / PRP;244;eliminado
KELLY STORALLI;1408;PTB;;243;eliminado
MILTON JOAQUIM SILVA;4054;PSB;PSL / PSB;242;eliminado
PROF SERGIO MURBACK;1494;PTB;;242;eliminado
GILBERTO AQUINO;2810;PRTB;PSDC / PRTB / PRP;241;eliminado
RICARDO DUTRA;5059;PSOL;;239;eliminado
ANTONIO MARTINS DA COSTA;1544;PMDB;;238;eliminado
ISAIAS ALVES;1944;PTN;;234;eliminado
BOMFIM;1541;PMDB;;233;eliminado
BATISTA;3617;PTC;;232;eliminado
ISMAEL NICACIO;1248;PDT;;230;eliminado
BINLADEN;1975;PTN;;226;eliminado
MILTON ÂNGELO;3608;PTC;;222;eliminado
REYNALDO PANELLA;1942;PTN;;222;eliminado
MARIA MESQUITA;1939;PTN;;220;eliminado
NATANAEL ARAUJO DE MENEZES;4410;PRP;PSDC / PRTB / PRP;220;eliminado
LUIZ CARLOS VAZ DE LIMA;3645;PTC;;219;eliminado
MARCELO FRANCIS;1955;PTN;;218;eliminado
MARIA DO CARMO LEÃO;1744;PSL;PSL / PSB;218;eliminado
GERSON PAULO;3602;PTC;;217;eliminado
ALDA;3656;PTC;;216;eliminado
PATRICIA RONG;1446;PTB;;216;eliminado
SADALA;3603;PTC;;213;eliminado
CAIO;2301;PPS;PPS / DEM / PSDB;212;eliminado
DR GABRIEL;3134;PHS;PSC / PHS;212;eliminado
IVAN NUNES - CARTEIRO;3351;PMN;;212;eliminado
EMER NOGUEIRA;1787;PSL;PSL / PSB;209;eliminado
RUDY GATOLIN;1715;PSL;PSL / PSB;209;eliminado
AGENTE GEAN;3657;PTC;;208;eliminado
GERALDO MAGELA QUADROS;1403;PTB;;207;eliminado
VALDIR GONÇALVES;4019;PSB;PSL / PSB;207;eliminado
JOSE FORYAN;3347;PMN;;205;eliminado
MARCIACLEIDE FERREIRA;1487;PTB;;205;eliminado
LEONARDO HENRIQUE;1554;PMDB;;204;eliminado
IVANY SANCHES;5096;PSOL;;203;eliminado
PROFª ANDRÉA;1908;PTN;;203;eliminado
MARTA;3651;PTC;;202;eliminado
JOÃO CUNHA;3671;PTC;;199;eliminado
WILLYAN JOHNES;4499;PRP;PSDC / PRTB / PRP;198;eliminado
GERALDO DO POSTINHO;3141;PHS;PSC / PHS;194;eliminado
ILDA ROMA;1485;PTB;;193;eliminado
PROF. MAGNO PERES;5090;PSOL;;193;eliminado
DANIEL DOS PRAZERES;3109;PHS;PSC / PHS;192;eliminado
MAIRÁ;1558;PMDB;;192;eliminado
WANDERLEIA MARIM;1719;PSL;PSL / PSB;192;eliminado
VILAS BOAS;2707;PSDC;PSDC / PRTB / PRP;190;eliminado
IRMÃO DARCY;3111;PHS;PSC / PHS;188;eliminado
MARILU DE PAULA;3389;PMN;;188;eliminado
FERNANDO RIZZOLO;3318;PMN;;187;eliminado
JOSE CLAUDIO;4407;PRP;PSDC / PRTB / PRP;185;eliminado
ULIANI;3687;PTC;;185;eliminado
MARCELO SOARES;4391;PV;;184;eliminado
PRº DANIEL J. SANTOS;1947;PTN;;184;eliminado
LUCINDO CIOFFE GOMES;4469;PRP;PSDC / PRTB / PRP;183;eliminado
SERGIO ANTONIO;3393;PMN;;178;eliminado
BRUNO CORRÊA;3112;PHS;PSC / PHS;176;eliminado
DE FAZIO;3327;PMN;;173;eliminado
DRª. CARLA CASALE;2072;PSC;PSC / PHS;173;eliminado
LUCIA HELENA;1473;PTB;;173;eliminado
TIA REGINA;3621;PTC;;173;eliminado
SOL;5009;PSOL;;170;eliminado
DR RENATO DO SÃO JOSE;3174;PHS;PSC / PHS;168;eliminado
MANOEL ALELUIA;3164;PHS;PSC / PHS;168;eliminado
KAMEL;2096;PSC;PSC / PHS;167;eliminado
JOSÉ CARLOS DOS SANTOS;5038;PSOL;;166;eliminado
ZAQUEU CERQUEIRA;2317;PPS;PPS / DEM / PSDB;165;eliminado
CELSO GUEDES;1506;PMDB;;164;eliminado
ALDINEA FIDELIX;2828;PRTB;PSDC / PRTB / PRP;163;eliminado
POMARICO;3183;PHS;PSC / PHS;163;eliminado
REGINALDO PERUSSI;3683;PTC;;163;eliminado
KAREN MARTINS;5046;PSOL;;159;eliminado
TENENTE SÉRGIO;1495;PTB;;157;eliminado
JANETE ARAUJO;1707;PSL;PSL / PSB;156;eliminado
PROFESSORA CLAUDETE GOMES;1959;PTN;;153;eliminado
PEDRO MANOEL;3373;PMN;;151;eliminado
SILVIO CANGUEIRO;1751;PSL;PSL / PSB;151;eliminado
JOÃO DA VIGILANCIA;3121;PHS;PSC / PHS;150;eliminado
TOMBI;4496;PRP;PSDC / PRTB / PRP;148;eliminado
MAURO SIGA BEM;1107;PP;;147;eliminado
TIKINHO;1935;PTN;;147;eliminado
DR NORBERTO;3135;PHS;PSC / PHS;145;eliminado
CHAPÉU DE COURO;1953;PTN;;143;eliminado
RUFINO MAXIMO;4401;PRP;PSDC / PRTB / PRP;143;eliminado
CANDICE CRUVINEL;3630;PTC;;140;eliminado
MARIA JOSEFA;1915;PTN;;140;eliminado
DRª. CARLA SERRA;2850;PRTB;PSDC / PRTB / PRP;138;eliminado
PROFESSORA INES;4091;PSB;PSL / PSB;138;eliminado
EIDY NATASHA;2840;PRTB;PSDC / PRTB / PRP;137;eliminado
VERONICA TAVARES;1479;PTB;;136;eliminado
LUIZ TAVARES;2829;PRTB;PSDC / PRTB / PRP;134;eliminado
MACHADO;3330;PMN;;131;eliminado
PALHAÇO DUDA SHOW;3676;PTC;;129;eliminado
BERNARDOCHI;3629;PTC;;127;eliminado
ZE ALVES;2305;PPS;PPS / DEM / PSDB;127;eliminado
LAMBARI;4461;PRP;PSDC / PRTB / PRP;125;eliminado
WALTER HERMAN;1449;PTB;;125;eliminado
FAUSTO AURÉLIO BRAGA;4478;PRP;PSDC / PRTB / PRP;118;eliminado
JOÃO DE SOUZA;4084;PSB;PSL / PSB;117;eliminado
JUAREZ COSTA SANTOS;1575;PMDB;;115;eliminado
POLAKO BRANDÃO;5097;PSOL;;115;eliminado
DANIEL SAAD;3336;PMN;;113;eliminado
PROF. SIDNEI;5072;PSOL;;110;eliminado
JOSE SILVA;3361;PMN;;109;eliminado
WILLIANS ROCHA-ZÉ BONITINHO;3168;PHS;PSC / PHS;108;eliminado
DIRCE;2327;PPS;PPS / DEM / PSDB;107;eliminado
REGINA FERNANDEZ;3618;PTC;;107;eliminado
BETE MATTOS;3303;PMN;;106;eliminado
ISMAEL PEREIRA;3343;PMN;;106;eliminado
ANA CABO;3604;PTC;;105;eliminado
TATIANA QUEIROZ;1785;PSL;PSL / PSB;105;eliminado
ZE PILLIN;2851;PRTB;PSDC / PRTB / PRP;103;eliminado
CARMELITA TOLEDANO;1504;PMDB;;100;eliminado
JASPER;5008;PSOL;;98;eliminado
CILENE;3662;PTC;;97;eliminado
EDERALDO;2802;PRTB;PSDC / PRTB / PRP;96;eliminado
JUANA ALVES;2393;PPS;PPS / DEM / PSDB;95;eliminado
ANTONIO PENHA;3619;PTC;;93;eliminado
LUIZ NETO;3609;PTC;;91;eliminado
DRª. CARLA SILVA;2878;PRTB;PSDC / PRTB / PRP;88;eliminado
HELEN;3672;PTC;;80;eliminado
CONDE;4446;PRP;PSDC / PRTB / PRP;79;eliminado
JORGE LUIZ;3167;PHS;PSC / PHS;79;eliminado
ELIZEU;2860;PRTB;PSDC / PRTB / PRP;76;eliminado
PROF VANIA;3340;PMN;;75;eliminado
DENILCE CRUZ;5093;PSOL;;74;eliminado
ARLETE LUNGOV;3627;PTC;;73;eliminado
PAULO ROBERTO;3605;PTC;;70;eliminado
DR. LEÃO III;2803;PRTB;PSDC / PRTB / PRP;68;eliminado
JIMMY MOFFA;2899;PRTB;PSDC / PRTB / PRP;61;eliminado
IZABEL ABBUD;2838;PRTB;PSDC / PRTB / PRP;60;eliminado
LINDALVA MARIA;1757;PSL;PSL / PSB;60;eliminado
RENATA DA COM;1964;PTN;;55;eliminado
EMILIA;1901;PTN;;54;eliminado
SERGIO MURAD;3691;PTC;;53;eliminado
JÔ DO MAGRÃO;3108;PHS;PSC / PHS;45;eliminado
CORACI DE PAULA;1491;PTB;;43;eliminado
CLAUDIA LOPES;3642;PTC;;39;eliminado
WILLIAM ROCHA;1985;PTN;;37;eliminado
REIS;2819;PRTB;PSDC / PRTB / PRP;35;eliminado
MARIA ESTELA;1725;PSL;PSL / PSB;30;eliminado
SUELI;3681;PTC;;21;eliminado
BETE VIDAL;3107;PHS;PSC / PHS;20;eliminado
JOSUE BONFIM;2740;PSDC;PSDC / PRTB / PRP;20;eliminado
RAIMUNDO FE;5084;PSOL;;13;eliminado
ADELMAR BADECA;3626;PTC;;0;eliminado
ADEMIR;5071;PSOL;;0;eliminado
AGENOR BISTECA;2768;PSDC;PSDC / PRTB / PRP;0;eliminado
AGNALDO SAMPAIO;3641;PTC;;0;eliminado
AIRTON GARCIA;2580;DEM;PPS / DEM / PSDB;0;eliminado
ALDA FRANCO;5017;PSOL;;0;eliminado
ALEXANDRE TULLII (NINJA);5069;PSOL;;0;eliminado
AMAURY SILVA;4031;PSB;PSL / PSB;0;eliminado
ANA CAMPOS;2131;PCB;;0;eliminado
ANDREIA MARQUES;5074;PSOL;;0;eliminado
ANSELMO;1988;PTN;;0;eliminado
ANSELMO PIRES;5077;PSOL;;0;eliminado
ANTONIO BRAZ;2585;DEM;PPS / DEM / PSDB;0;eliminado
ANTONIO CLAUDIO DA RÁDIO;1993;PTN;;0;eliminado
ANTONIO DIAS;1233;PDT;;0;eliminado
ANTONIO LORDE SOBRINHO;3690;PTC;;0;eliminado
ANTONIO RODRIGUES;1711;PSL;PSL / PSB;0;eliminado
ARAMI O AZEITONA;3157;PHS;PSC / PHS;0;eliminado
BAHREYN;5054;PSOL;;0;eliminado
BARBARA CATANI;3126;PHS;PSC / PHS;0;eliminado
BEBÊ - NHANDEARA;1979;PTN;;0;eliminado
BELLINY;2039;PSC;PSC / PHS;0;eliminado
BENEDITO CAMPOS;2000;PSC;PSC / PHS;0;eliminado
BETO DO MERCADO;2092;PSC;PSC / PHS;0;eliminado
BETO MANSUR;1144;PP;;0;eliminado
CABEÇA BRANCA;2141;PCB;;0;eliminado
CARLINHOS AIMAR;1710;PSL;PSL / PSB;0;eliminado
CARLOS MARTINS;4013;PSB;PSL / PSB;0;eliminado
CAROLA;5043;PSOL;;0;eliminado
CASAGRANDE;3132;PHS;PSC / PHS;0;eliminado
CHIQUINHO DO ZAIRA;3300;PMN;;0;eliminado
CIDÃO;5048;PSOL;;0;eliminado
CIPRIANO;1958;PTN;;0;eliminado
CLÁUDIO VIEIRA;2939;PCO;;0;eliminado
COPINA;2021;PSC;PSC / PHS;0;eliminado
DARIO ADVOGADO;5026;PSOL;;0;eliminado
DEIRA;2844;PRTB;PSDC / PRTB / PRP;0;eliminado
DETINHO;2814;PRTB;PSDC / PRTB / PRP;0;eliminado
DIDI;1963;PTN;;0;eliminado
DIRCEU DATTI;1717;PSL;PSL / PSB;0;eliminado
DR CLERMONT;1114;PP;;0;eliminado
DR. AFFONSO;3639;PTC;;0;eliminado
DR. OSSIAS SCHEFLER;1904;PTN;;0;eliminado
DR. SANTOS ABREU;4413;PRP;PSDC / PRTB / PRP;0;eliminado
DRA BETHY POLACHINI;1251;PDT;;0;eliminado
DUDA;5044;PSOL;;0;eliminado
ELIETE;3106;PHS;PSC / PHS;0;eliminado
ELIETE CORREA;4447;PRP;PSDC / PRTB / PRP;0;eliminado
EMANOEL MESSIAS SANTOS;3140;PHS;PSC / PHS;0;eliminado
ESTER ALBUQUERQUE;4414;PRP;PSDC / PRTB / PRP;0;eliminado
EUCLYDES;2701;PSDC;PSDC / PRTB / PRP;0;eliminado
EVANDRO PIRONDI;2890;PRTB;PSDC / PRTB / PRP;0;eliminado
FABIANA VIEIRA DE SOUSA;1986;PTN;;0;eliminado
FATIMINHA;1326;PT;PRB / PT / PR / PC do B / PT do B;0;eliminado
FAUZI HAMUCHE;1101;PP;;0;eliminado
FERNANDO ALVES DA SILVA;4470;PRP;PSDC / PRTB / PRP;0;eliminado
FLAVIUS;2090;PSC;PSC / PHS;0;eliminado
FOGUINHO;4450;PRP;PSDC / PRTB / PRP;0;eliminado
FRANCISCO CHAGAS;1399;PT;PRB / PT / PR / PC do B / PT do B;0;eliminado
FRANCISCO ROSSI;1556;PMDB;;0;eliminado
FÉLIX SAHÃO;1334;PT;PRB / PT / PR / PC do B / PT do B;0;eliminado
GEORGIA ROSSI;1402;PTB;;0;eliminado
GILMAR DO NOVO MUNDO;3156;PHS;PSC / PHS;0;eliminado
GOMES LOPES;1423;PTB;;0;eliminado
GUSTAVO MORANDI;1970;PTN;;0;eliminado
HILDA MOTA;4376;PV;;0;eliminado
HILTON;1109;PP;;0;eliminado
IRAPUAN SIQUEIRA;1117;PP;;0;eliminado
IVAN VIGILANTE;1431;PTB;;0;eliminado
IVANY;1905;PTN;;0;eliminado
IVONIZE DE SOUZA BARRETO;4428;PRP;PSDC / PRTB / PRP;0;eliminado
JOCA;4319;PV;;0;eliminado
JORGE ALFREDO;1946;PTN;;0;eliminado
JOSE BRAZ;4451;PRP;PSDC / PRTB / PRP;0;eliminado
JOSE CARLOS PEREIRA;2882;PRTB;PSDC / PRTB / PRP;0;eliminado
JOSE HENRIQUE DA EDUCAÇÃO;5032;PSOL;;0;eliminado
JOSE RAIMUNDO;3387;PMN;;0;eliminado
JOSÉ ARAUJO SQUANTO;1952;PTN;;0;eliminado
JOSÉ LEAL;4047;PSB;PSL / PSB;0;eliminado
JOÃO GIL;4434;PRP;PSDC / PRTB / PRP;0;eliminado
JULIANO MATOS;5030;PSOL;;0;eliminado
JUNIA GOUVEA;5010;PSOL;;0;eliminado
KLEBER ARAUJO;2870;PRTB;PSDC / PRTB / PRP;0;eliminado
LARISSA SOUZA;3114;PHS;PSC / PHS;0;eliminado
LAURA SOARES;2038;PSC;PSC / PHS;0;eliminado
LEANDRO SANTOS;1938;PTN;;0;eliminado
LEDA DE ABREU MORRINHOS;1432;PTB;;0;eliminado
LIBERATO CABOCLO;3332;PMN;;0;eliminado
LIBERATO DE VALENTIM GENTIL;1125;PP;;0;eliminado
LINCOLN MAGALHÃES;2057;PSC;PSC / PHS;0;eliminado
LUCIANO ENÉAS;1956;PTN;;0;eliminado
LUISÃO;5088;PSOL;;0;eliminado
LUIZ CARLOS DOS SANTOS;5047;PSOL;;0;eliminado
LUIZ TEOFILO;2026;PSC;PSC / PHS;0;eliminado
LULA;1363;PT;PRB / PT / PR / PC do B / PT do B;0;eliminado
MALUF;1111;PP;;0;eliminado
MARADONA DO BRASIL;1459;PTB;;0;eliminado
MARIA ARRAIS;5094;PSOL;;0;eliminado
MARIA BONITA;1924;PTN;;0;eliminado
MARIA JOSÉ;1971;PTN;;0;eliminado
MARIA NICE;1903;PTN;;0;eliminado
MARIAM KHALIL;4304;PV;;0;eliminado
MARIO BERTI;2100;PCB;;0;eliminado
MARKETTY;5024;PSOL;;0;eliminado
MARQUINHOS OLÍVIO;1303;PT;PRB / PT / PR / PC do B / PT do B;0;eliminado
MAURICIO COSTA;5013;PSOL;;0;eliminado
MESSIAS;2713;PSDC;PSDC / PRTB / PRP;0;eliminado
MIZAEL MORENO;4098;PSB;PSL / PSB;0;eliminado
MORON;3664;PTC;;0;eliminado
MULHER PÊRA;1911;PTN;;0;eliminado
MUNUERA JUNIOR;4400;PRP;PSDC / PRTB / PRP;0;eliminado
NARA ALBUQUERQUE;1476;PTB;;0;eliminado
NASCIMENTO;1981;PTN;;0;eliminado
NEIRÍ SILVA;1373;PT;PRB / PT / PR / PC do B / PT do B;0;eliminado
ODAIR DIAS;2199;PCB;;0;eliminado
ORLANDO;3631;PTC;;0;eliminado
OZÉAS PEREIRA;1260;PDT;;0;eliminado
PASTOR MARCOS DO EXÉRCITO;7001;PT DO B;PRB / PT / PR / PC do B / PT do B;0;eliminado
PAULINHO;1636;PSTU;;0;eliminado
PEDRO BOM;5062;PSOL;;0;eliminado
PEDRO ROESLER;2003;PSC;PSC / PHS;0;eliminado
PEZZOLO AMILCAR;3100;PHS;PSC / PHS;0;eliminado
PRICILA LEME;2063;PSC;PSC / PHS;0;eliminado
PROF DIVANI SCHEIBE;4397;PV;;0;eliminado
PROF SONIA;3125;PHS;PSC / PHS;0;eliminado
PROFESSOR CESAR NUNES;1359;PT;PRB / PT / PR / PC do B / PT do B;0;eliminado
PROFESSOR DANIEL;5080;PSOL;;0;eliminado
PROFESSOR MANUEL;2888;PRTB;PSDC / PRTB / PRP;0;eliminado
PROFESSOR ROCHA;3679;PTC;;0;eliminado
PROFESSORA LOURDES;5057;PSOL;;0;eliminado
PROFª ROSIRIS CÔNSOLO;2035;PSC;PSC / PHS;0;eliminado
PÉPE;4466;PRP;PSDC / PRTB / PRP;0;eliminado
RACHID;2866;PRTB;PSDC / PRTB / PRP;0;eliminado
RENATA OLIVEIRA;5099;PSOL;;0;eliminado
RIBAMAR BEZERRA;1987;PTN;;0;eliminado
RICARDO RUSSOMANNO;1128;PP;;0;eliminado
ROBERTA DO GADA;3162;PHS;PSC / PHS;0;eliminado
ROBERTO JORGE;1991;PTN;;0;eliminado
ROGERIO BATOM;2855;PRTB;PSDC / PRTB / PRP;0;eliminado
RONALDO BRITO;1926;PTN;;0;eliminado
ROSALIA SILVA SANTANA;4486;PRP;PSDC / PRTB / PRP;0;eliminado
SAMUEL SOUZA;2830;PRTB;PSDC / PRTB / PRP;0;eliminado
SANDA SAMPAIO;4385;PV;;0;eliminado
SANDER MECCA;3328;PMN;;0;eliminado
SANDRO VIEIRA;5089;PSOL;;0;eliminado
SEVERINO RAMOS;7064;PT DO B;PRB / PT / PR / PC do B / PT do B;0;eliminado
VANZELLE;4441;PRP;PSDC / PRTB / PRP;0;eliminado
VICENTE LEITE;4481;PRP;PSDC / PRTB / PRP;0;eliminado
VLADÃO;2121;PCB;;0;eliminado
WELLINGTON SUCAM;5004;PSOL;;0;eliminado
ZE GERALDO;5039;PSOL;;0;eliminado
ZÉ NILDO;5023;PSOL;;0;eliminado
